Influent NH4+-N,Influent TN,Influent Flowrate,DO of Zone 5,TN of Zone 5,COD of Zone 6,TN of Zone 6,DO of Zone 7,COD of Zone 7,TN of Zone 7,Effluent TN,Energy Consumption,External Carbon Source
15.33,17.73,43864.12,7.43,33.49,42.26,6.86,7.07,24.59,4.2,3.33,16640.47,3.65
15.3,20.87,45955.61,6.57,32.64,41.14,9.77,7.06,23.83,6.07,3.89,16294.09,4.09
19.59,20.18,44532.19,7.88,33.76,47.53,6.3,7.04,26.98,4.37,4.68,16443.36,3.66
16.99,19.53,44105.41,7.66,33.13,45.56,7.57,7.02,24.26,5.08,4.19,16668.21,3.52
19.49,23.72,45549.48,6.95,32.6,43.7,8.72,6.98,25.04,6.09,3.8,16264.03,3.93
22.2,24.92,44745.96,8.11,32.28,52.8,8.92,6.89,24.1,7.1,5.85,16640.27,3.28
24.04,23.56,45089.03,8.15,33.72,51.52,6.01,6.99,28.74,4.84,5.48,16255.99,3.66
24.21,26.52,44781.66,7.82,32.46,49.9,7.82,6.88,25.66,6.48,4.62,16417.14,3.49
19.32,23.14,45163.27,7.67,32.33,49.8,9.57,6.95,23.53,6.97,5.58,16587.98,3.49
16.38,21.58,45804.87,6.84,32.53,43.44,9.8,7.03,23.73,6.37,4.36,16362.85,3.94
15.28,20.98,46035.35,6.54,32.6,41.16,9.89,7.06,23.82,6.17,3.92,16280.23,4.11
19.32,23.15,45162.12,7.68,32.33,49.82,9.57,6.95,23.53,6.97,5.58,16588.38,3.49
19.78,22.23,53663.94,9.67,21.12,28.3,9.59,4.67,16.05,8.3,4.96,14244.92,2.05
21.11,23.15,53013.62,10.28,18.26,31.51,8.97,4.24,15.81,6.96,4.22,13866.98,2.67
19.32,21.79,53159.64,10.37,18.15,31.31,7.75,4.38,15.61,5.96,4.87,13714.22,2.56
17.65,19.92,53832.63,10.53,17.06,34.07,7.7,4.7,18.37,5.63,4.45,13701.67,2.33
29.51,33.39,47008.56,7.73,14.2,46.29,8.17,0.23,39.93,5.94,4.25,17667.64,4.1
30.76,33.5,53174.44,8.37,16.22,41.7,10.93,0.13,37.66,6.9,4.84,19761.49,3.39
29.99,33.66,47221.31,7.79,14.2,46.1,8.23,0.15,39.4,6.01,4.23,17708.71,4.16
28.36,30.71,50049.42,8,14.32,52.55,7.06,0.13,38.89,5.6,4.47,18531.66,3.92
17.92,21.31,67768.05,13.31,12.83,37.36,10.13,0.08,30.25,5.86,4.44,21661.23,2.84
15.14,18.95,67221.16,11.78,12.18,33.65,9.2,0.1,28.45,5.59,4.99,21454.66,2.34
14.82,18.58,67234.02,11.63,12.11,33.56,8.89,0.1,28.26,5.53,5.09,21427.1,2.28
17.79,21.38,67612.29,13.19,12.8,36.61,10.44,0.08,30.14,5.91,4.41,21658.49,2.82
22.79,25.19,66514,10.33,13.2,44.37,8.35,0.13,27.76,6.45,5.59,20513.24,2.75
22.67,25.26,65330.63,12.45,14.25,43.23,9.81,0.09,34.3,7.4,4.58,21771.48,3.36
19.5,22.88,66222.17,13,13.06,37.81,10.76,0.08,31.35,6.74,4.32,21650,2.95
20.43,21.6,68439.12,14.4,13.36,46.03,7.1,0.08,32.24,5.89,4.77,21684.15,3.19
11.84,14.43,67151.95,10.48,12.25,31.24,6.01,0.13,25.95,5.05,5.42,20973.05,2.56
11.55,12.74,66681.03,10.41,13.59,27.6,5.39,0.13,24.45,5.28,4.52,20500,3.76
11.31,12.4,66620.25,10.52,13.7,28.24,5.54,0.13,24.32,5.26,4.47,20518.49,3.97
12.8,13.57,66683.42,9.8,13.31,31.45,7.12,0.14,22.59,5.66,4.73,20691.46,2.86
21.84,25.5,50748.46,3.04,25.91,54.87,9.01,2.06,30.68,6.55,4.88,18597.27,3.92
22.01,26.69,45257.81,2.4,28.5,56.69,10.05,1.85,28.64,8.36,4.77,18489.18,3.82
24.64,26.87,51586.47,2.5,27.62,63.15,9.42,1.02,35.21,7.89,4.74,17629.7,3.97
20.57,24.87,46778.27,2.17,27.41,58.84,11.11,1.03,31.38,9.14,5.07,18666.75,3.66
39.4,41.33,26589.9,5.11,17.04,63.84,26.16,2.84,41.94,25.14,4.45,13418.03,14.95
39.19,41.45,27071.42,5.18,17.16,63.88,25.99,2.94,41.25,25.11,4.45,13508.41,15
39.45,41.3,26998.23,5.19,17.18,63.23,26.11,2.95,41.42,25.16,4.45,13500.94,15.01
39.1,41.44,26752.82,5.08,16.82,63.58,26.09,2.81,41.3,25.1,4.43,13419.33,14.99
16.66,19.57,54667.85,9.33,22.69,27.26,9.33,5.29,17.76,8.58,5.69,14447.57,1.36
17.41,19.47,53777.28,10.56,16.72,34.27,7.62,4.73,18.32,5.46,4.47,13658.31,2.3
15.84,18.82,53721.29,10.58,17.43,32.44,5.93,4.74,16.74,4.33,5.61,13483.91,2.28
16.15,18.98,53770.84,10.58,17.31,32.88,6.29,4.75,17.18,4.59,5.35,13528.34,2.28
18.56,21.48,64924.68,10.36,12.12,30.37,8.58,0.03,23.72,5.53,4.64,20443.63,2.28
18.46,21.35,64979.79,10.38,12.05,30.34,8.49,0.04,23.6,5.47,4.67,20454.33,2.28
18.42,21.85,65587.09,11.22,12.51,31.89,9.82,0.03,26.24,5.87,4.42,20856.32,2.45
16.35,18.23,64790.18,9.61,12.4,30.87,8.43,0.08,23.72,5.7,5,20585.66,2.28
14.07,14.7,66876.13,10.03,14.38,33.02,10.21,0.14,22.92,6.55,4.7,20681.49,2.13
14,14.7,66995.81,10.46,15.08,32.42,10.97,0.13,23.77,6.8,4.56,20602.76,2.27
14.57,16.32,66192.44,8.94,12.34,25.27,6.02,0.13,24.75,5.66,4.65,20504.99,1.42
16.38,18.58,65994.19,10.56,11.93,30.42,8.13,0.13,22.37,5.15,4.84,20600,2.28
35.4,39.78,39414.53,7.43,28.87,50.53,9.91,0.07,40.64,8.34,4.88,18781.64,3.93
35.21,40.05,41919.82,7.8,28.51,47.4,9.21,-0.02,40.57,7.85,4.6,18967.4,4.15
34.76,40.18,42566.53,7.68,28.82,51.7,9.94,0.07,42.18,8.41,4.87,18974.6,3.88
35.34,39.94,45344.93,8.06,26.3,46.06,10.62,0.09,39.72,7.76,4.75,19244.35,3.79
15.3,17.6,65870.85,8.97,12.5,21.71,6.12,0.13,24.4,5.6,5.76,20749.24,1.37
14.24,15.5,65384.88,8.94,12.32,28.67,7.1,0.15,23.9,5.63,5.12,20649.44,1.91
14.06,15.06,65004.72,8.98,12.38,30.54,7.77,0.16,23.46,5.64,5.36,20723.69,2.18
16.74,19.25,65775.62,10.39,11.22,29.36,7.2,0.13,22.3,4.81,5.08,20589.14,2.18
26.05,26.78,55384.28,8.27,14.85,60.31,5.95,0.14,37.55,5.32,4.82,19891.89,3.56
29.26,32.35,48297.91,7.87,14.25,48.66,7.74,0.13,39.31,5.82,4.33,18044.39,4.03
30.17,32.34,54803.96,8.5,16.4,44.2,10.62,0.13,37.24,6.81,4.98,20237.59,3.27
25.85,28.08,61197.36,8.82,16.25,54.14,7.49,0.13,38.6,6.09,5.27,21216.73,3.92
24.1,26.02,36560.71,8.93,19.4,45.44,11.81,1.92,32.84,4.64,5.25,12977.68,2.56
24.16,27.35,38005.4,7.83,19.95,44.13,12.13,0.44,37.43,6,5.41,14676.84,2.61
25.61,27.04,36955.19,8.27,20.48,44.88,10.84,0.63,33.74,3.82,5.11,13190.07,2.31
24.12,27.38,38060.84,7.81,19.91,44.14,12.16,0.43,37.53,6.09,5.43,14758.66,2.62
25.83,27.9,66413.9,8.27,18.56,40.06,9.04,0.13,33.72,8.01,4.89,21740.84,2.22
27.04,30.15,65325.4,6.62,18.82,51.39,10.37,0.13,39.15,8.22,5.56,21789.92,3.61
26.95,29.07,61712.96,8.19,17.57,44.16,10.93,0.13,35.36,7.44,4.92,21153.33,2.9
25.31,27.37,65198.56,8.16,18,43.33,9.9,0.13,35.01,7.7,5.08,21733.9,2.81
23.71,26.67,48947.69,2.11,30.37,63.63,9.49,2.08,33.08,7.34,5.15,16507.46,4.11
24.07,25.91,54356.93,2.8,26.98,61.99,8.7,1.66,35.7,6.32,5.01,17206.24,4.11
25.12,26.51,54291.63,2.57,27.66,65.02,8.93,1.21,37.21,6.99,4.92,16924.15,4.11
20.48,23.16,50586.93,1.63,28.67,66.71,11.61,0.75,37.05,8.85,5.75,16883.67,3.78
13.2,17.23,44801.57,8.1,32.49,49.98,9.69,7.04,26.7,7.83,4.53,16390.99,4.01
15.04,20.63,45949.2,6.7,32.56,42.15,9.95,7.06,24.13,6.41,4,16283.78,4.11
15.21,18.53,44463.09,8.71,32.54,58.02,7.06,7.01,28.4,7.57,5.14,16454.87,3.73
13.23,17.44,44924.68,8.39,32.28,53.59,9.68,7.03,27.56,8.56,4.93,16352.29,4.02
25.29,27.57,66913.79,9.14,16.91,38.58,8.06,0.13,31.22,7.65,5.17,21363.53,2.15
28.08,30.38,63199.88,8.51,18.29,36.97,9.13,0.13,34.46,7.96,4.95,21367.18,2.26
25.44,27.45,66098.81,8.18,18.37,42.15,9.54,0.13,33.95,7.86,4.88,21692.81,2.4
23.83,26.18,66688.26,9.82,14.73,42,8.22,0.13,29.15,6.94,5.42,20856.09,2.5
16.7,17.99,20859.59,7.89,26.31,45.73,5.83,5.84,29.81,6.52,5.27,6399.69,0.72
20.75,22.24,22540.82,7.25,26.62,40.68,6.15,5.98,30.03,6.43,5.57,6731.54,0.75
13.02,13.94,19814.73,8.56,25.95,50.75,5.53,5.78,29.58,6.6,4.96,6038.33,0.7
14.71,18.11,12119.7,8.1,24.57,47.19,6.54,5.51,27.14,8.35,6.06,4555.92,0.78
17.44,21.58,67183.99,12.87,12.71,34.56,11.29,0.08,29.84,6.05,4.3,21650.95,2.75
20.21,21.22,68891.72,14.57,13.34,46.58,6.71,0.08,32.11,5.67,4.83,21688.84,3.19
19.26,20.55,69425.64,14.55,13.18,45.29,6.84,0.08,31.42,5.31,4.84,21690.42,3.1
20.63,21.77,68938.38,13.56,13.27,46.85,6.53,0.09,30.57,5.52,5.16,21340.13,3.06
14.01,14.89,64919.98,8.99,12.41,31.29,8.03,0.16,23.24,5.66,5.43,20752.86,2.27
14.15,14.7,66712.61,9.44,13.44,33.84,9.18,0.15,21.76,6.21,4.91,20789.07,1.93
14.13,14.77,66027.03,9.07,12.73,33.25,8.39,0.15,21.85,5.89,5.16,20816.12,1.98
14.17,14.7,66686,9.35,13.28,33.97,9.01,0.15,21.57,6.16,4.94,20806.58,1.9
26.93,29.04,61745.17,8.18,17.57,44.18,10.93,0.13,35.36,7.44,4.92,21157.14,2.9
26.47,29.72,64354.19,9.09,17.39,47.3,9.4,0.13,38.78,6.87,5.51,21986.71,3.96
28.53,30.8,59058.52,8.32,17.27,42.73,11.23,0.13,36.04,7.33,4.96,20839.42,3.01
30.54,33,55684.22,8.5,16.89,40.91,11.61,0.13,36.9,7.2,5.01,20440.38,3.16
33.25,34.77,33823.41,6.99,24.26,33.55,21.71,6.79,26.48,17.13,5.51,14133.43,2.68
37.4,40.76,25392.78,7.83,26.01,34.94,21.05,4.9,23.41,16.12,5.08,11435.98,2.28
37.27,41.01,24874.38,7.96,26.01,34.59,20.9,4.84,23.23,16.09,5.08,11432.44,2.26
37.33,40.82,25265.95,7.86,26.09,34.18,21.06,4.87,23.61,16.05,5.07,11563.3,2.26
15.05,16.55,65171.13,9.55,11.94,30.74,7.79,0.15,22.84,5.32,5.33,20697.48,2.28
16.95,19.53,65738.79,10.54,11.12,29.8,7.35,0.13,22.06,4.73,5.12,20597.91,2.26
15.64,18,65841.91,9.29,12.22,23.35,6.37,0.13,23.92,5.42,5.63,20719.91,1.55
16.95,19.54,65738.48,10.55,11.12,29.8,7.35,0.13,22.06,4.73,5.12,20597.98,2.26
27.23,28.2,45503.87,3.94,14.75,42.3,10.41,2.28,27.98,10.18,5.14,15769.82,1.92
27.25,27.93,45843.3,3.8,14.72,42.7,10.51,2.25,28.24,10.23,5.15,15977.21,1.92
28.3,30,45496.18,3.76,13.88,31.07,13.76,1.87,25.11,11.02,5.54,16164.7,2
26.49,28.84,46060.19,4.09,15.11,47.73,10.2,2.73,29.17,8.68,5.3,15958.25,1.94
17.56,21.09,47505.71,9.36,24.89,27.77,12.18,4.63,18.57,10.49,5.65,14654.6,2.17
21.62,22.83,42978.61,9.99,22.2,34.72,13.27,4.12,16.33,9.89,5.74,14231.16,2.5
19.48,22.75,44797.18,9.98,22.65,31,12.44,3.97,18.32,9.74,4.86,14335.67,3.06
21.49,22.81,42915.4,9.99,22.28,34.58,13.29,4.11,16.46,9.92,5.72,14242.66,2.53
25.63,26.8,54259.57,2.46,27.99,66.51,9.05,0.99,37.95,7.32,4.88,16785.67,4.11
20,23.06,51661.64,2.24,27.3,61.34,10.53,1.6,34.63,7.28,5.67,17353.12,3.87
21.8,24.62,54390.26,3.27,25.58,55.47,8.2,2.63,32.37,4.9,5.19,17802.82,4.11
21.87,26.21,47807.66,2.85,26.23,54.45,9.65,1.62,29.33,7.87,4.64,19206.73,3.78
14.38,18.07,44657.49,8.58,32.43,56.15,8.16,7.02,28.04,7.99,5.05,16411.67,3.85
18.51,21.51,44540.64,8.51,32.4,56.59,7.92,6.95,25.99,7.36,5.8,16610.44,3.42
20.76,21.17,44868.31,8.47,33.5,54.87,6.01,7.02,28.98,5.55,5.67,16339.05,3.66
18.97,21.96,44572.19,8.47,32.37,56.18,8.17,6.94,25.56,7.36,5.9,16632.02,3.38
30.95,34.45,48427.77,7.9,15.15,45.19,9.37,0.13,39.02,6.22,4.4,18125.25,3.88
36.1,39.19,55990.12,8.58,19.81,41.48,15.05,0.12,36.08,7.49,5.22,20214.13,2.7
31.99,34.59,54955.17,8.53,17.38,40.73,12.34,0.13,36.93,7.22,5.06,20320.85,3.1
35.76,38.77,55110.43,8.56,19.94,42.12,15.05,0.09,36.2,7.43,5.22,20097.48,2.73
29.96,34.39,20021.67,9.63,26.26,38.61,6.14,6.55,33.64,6.14,5.23,5895.33,0.7
16.77,20.78,11284.83,8.17,24.42,45.48,6.73,5.57,27.25,8.51,6.23,4344.7,0.8
29.91,34.35,20633.44,9.64,26.2,38.3,6.21,6.66,33.87,6.02,5.24,5939.49,0.68
30.48,34.67,20252.39,9.65,26.27,38.13,6.14,6.56,34.07,5.99,5.25,5928.68,0.69
11.03,17.6,65971.31,10.61,10.82,24.72,5.33,0.13,23.74,5.36,5.52,20768.43,2.1
12.53,18.44,67048.43,9.61,11.91,19.77,7.54,0.14,19.79,5.49,5.46,20532.91,1.68
10.76,18.07,65661.02,10.66,10.67,22.89,5.1,0.13,23.07,5.45,5.43,20670.59,2.17
15.31,19.42,65575.87,10.62,10.92,27.32,6.71,0.13,21.97,4.93,5.17,20574.73,2.28
37.45,44.55,32133.28,7.3,18.97,66.89,10.24,0.08,41.06,6.27,5.44,18134.32,3.04
34.11,40.8,32371.01,7.73,17.78,62.4,9.26,0.08,41.63,5.75,5.4,18013.75,3.32
35.15,42.62,32178.5,7.22,19.11,64.12,9.78,0.08,41.86,6.02,5.39,17984.32,3.15
36.14,41.14,31217.52,8.36,19.27,66.25,8.54,0.08,43.01,6.96,6.25,17697.34,2.4
26.78,31.61,44671.78,2.2,29.89,61.38,9.56,2.7,28.7,8.4,5.86,17221.2,3.84
24.89,26.8,51939.76,2.29,29.09,65.53,9.26,1.43,35.97,7.39,4.99,16638.71,4.11
23.56,28.02,44993.79,1.98,31.37,61.25,9.72,2.86,29.19,7.61,5.5,16601.93,4.03
21.94,26.76,45302.03,2.57,27.29,55.12,10.14,1.48,28.37,8.73,4.57,19232.91,3.72
23.22,29.74,43364.51,2.55,32.31,58.14,10.18,2.66,28.41,8.98,5.4,16130.61,4.12
22.99,29.7,43876.65,2.54,32.23,58.27,10.09,2.67,28.85,8.94,5.4,16163.07,4.12
22.93,30.06,43338.92,2.59,32.16,58.72,10.04,2.67,28.76,8.92,5.4,16304.85,4.06
22.76,29.42,43360.21,2.54,32.33,58.36,10.04,2.68,28.6,8.77,5.4,16108.55,4.11
14.83,16.63,65511.85,8.98,12.46,25.1,6.8,0.14,24.01,5.62,5.6,20750,1.7
14.26,15.54,65418.96,8.93,12.31,28.5,7.05,0.15,23.94,5.63,5.1,20642.78,1.89
14.17,14.73,66372.26,9.09,12.83,33.86,8.51,0.15,21.41,5.97,5.08,20835.84,1.89
14.05,14.85,65298.5,9.02,12.52,31.96,8.15,0.16,22.76,5.74,5.34,20774.49,2.17
23.05,25.88,37017.03,9.25,18.19,46.41,12.09,2.68,31.77,5.8,5.55,13582.84,2.61
23.17,25.86,36609.31,9.25,18.35,46.98,12.2,2.71,31.8,5.75,5.53,13653.69,2.61
23.43,25.81,36810.84,9.22,18.58,45.78,11.9,2.76,31.91,5.83,5.5,13403.42,2.6
23.11,25.73,36831.64,9.19,18.39,46.57,12.05,2.61,31.61,5.72,5.53,13521.88,2.54
34.01,40.11,32143.69,8.43,16.1,60.55,7.04,0.08,40.89,5.42,5.55,18010.82,2.94
34.48,40.93,32030.47,8.28,16.44,61,6.92,0.08,40.83,5.47,5.55,18003.38,2.8
35.58,40.14,31309.52,8.65,18.55,65.35,8.24,0.08,42.9,6.83,6.26,17709.61,2.48
32.58,37.66,32482.63,8.88,15.08,59.21,7.42,0.08,41.06,5.28,5.55,18033.09,3.34
33.36,38.99,32298.31,8.63,15.63,59.94,7.21,0.08,40.97,5.36,5.55,18020.98,3.12
36.43,42.92,31969.86,8.06,17.09,63.87,7.83,0.08,40.52,5.81,5.57,18093.7,2.74
35.91,40.8,31517.05,8.21,18.06,67.63,7.78,0.08,42.01,5.94,5.68,18025.13,2.97
32.12,36.87,32591.73,9.02,14.75,58.78,7.54,0.08,41.12,5.24,5.55,18040.26,3.47
13.94,15.56,65503.79,9,12.46,28.93,8.21,0.16,22.38,5.61,5.46,20710.14,2.1
13.89,16.04,65968.63,9,12.5,27.26,8.36,0.15,21.71,5.58,5.48,20680.9,1.97
14.15,15.02,66750.89,9.1,12.88,32.97,8.63,0.15,20.88,5.97,5.07,20822.54,1.78
13.99,17.61,67432.45,8.97,12.54,21.46,7.95,0.14,20.68,5.49,5.26,20533.75,1.37
26.11,29.58,65991.92,8.58,17.83,49.65,9.2,0.13,39.61,7.13,5.67,22227.71,4.11
27.47,30.55,64593.17,9.1,17.81,35.79,7.55,0.13,38.6,7.72,5.99,22393.26,3.54
26.33,28.93,66806.29,8.72,18.5,39.74,8.26,0.13,35.17,7.82,5.15,22000.17,2.58
26.6,28.91,67042.33,8.55,18.86,36.5,8,0.13,33.73,8.19,4.98,21890.67,2.03
22.75,24.7,66218.78,9.78,13.11,37.1,8.94,0.13,25.67,7.01,5.65,20545.04,2.33
21.87,24.42,66083.82,10.3,13,41.01,8.47,0.1,26.85,6.27,5.33,20475.62,2.63
22.75,24.67,66197.95,9.75,13.1,36.62,8.98,0.13,25.54,7.05,5.65,20548.05,2.3
22.76,25.16,66455.12,10.46,13.22,44.27,8.42,0.13,28,6.5,5.53,20561.95,2.76
21.93,23.75,22249.79,8.33,20.07,43.03,11.67,0.15,35.32,7.6,5.6,17402.66,6.38
22.29,23.94,22335.4,8.3,19.89,42.95,11.6,0.09,35.44,7.74,5.62,17483.06,6.34
22.01,23.97,22216.76,8.26,20.42,42.63,11.75,0.11,35.21,7.69,5.61,17467.15,6.38
22.01,23.59,22772.4,8.24,19.85,43.22,11.72,0.14,35.13,7.56,5.62,17542.85,6.32
35.13,35.93,30127.53,6.46,23.6,32.44,20.23,6.34,24.72,14.32,6.04,13211.66,2.22
36.85,37.53,26584.74,6.29,23.48,31.88,19.26,5.77,23.21,12.51,6.29,12248.39,1.88
32.26,32.97,36702.9,6.72,23.8,32.69,21.81,7.18,27.24,17.4,5.63,14893.13,2.81
36.66,37.36,26961.35,6.31,23.49,31.94,19.36,5.83,23.37,12.7,6.26,12350.79,1.91
36.73,41.44,31124.74,8.48,19.26,67.05,8.53,0.08,42.93,7.1,6.33,17705.97,2.31
41.03,46.51,31752.26,7.72,18.87,72.9,10.51,0.08,40.37,6.76,5.68,18325.33,2.84
37.98,43.02,31314.58,8.27,19.13,68.34,9.1,0.08,42.16,7.04,6.18,17867.57,2.41
41.48,47.42,31845.78,7.69,18.76,71.96,10.71,0.08,39.99,6.89,5.73,18319.79,2.69
19.35,22.74,66430.65,9.45,15.14,67.04,7.17,0.23,38.54,5.6,5.61,21982.49,3.67
19.18,22.75,66050.66,9.49,15.01,66.85,7.2,0.19,38.49,5.5,5.64,21976.81,3.57
18.95,22.94,66567.35,9.4,15.12,67.3,7.23,0.14,38.48,5.62,5.64,22110.86,3.68
19.29,22.8,66126.53,9.44,15.21,67.09,7.21,0.14,38.1,5.64,5.66,21924.13,3.68
25.16,30.21,46253.12,4.59,15.77,59.52,9.37,3.8,31.59,5.45,5.69,16244.12,1.94
25.01,30.58,46423.98,4.6,15.82,59.22,9.48,3.85,31.61,5.47,5.66,16104.03,1.92
25.21,30.55,46740.41,4.59,15.72,58.65,9.57,3.71,31.46,5.5,5.66,16290.04,1.93
26.4,28.94,46097.1,4.12,15.15,48.43,10.15,2.8,29.32,8.48,5.32,15971.67,1.94
33.62,40.15,43422.28,6.88,30.39,64.97,12.06,0.08,46.49,10.21,5.7,18947.02,3.17
34.92,40.19,42458.22,7.8,28.57,49.65,9.62,0.07,41.52,8.15,4.74,18962.84,3.99
34.29,39.7,40088.18,6.66,30.56,64.56,12.1,0.07,45.11,10.14,5.76,18857.9,3.19
34.77,40.18,42558.67,7.69,28.8,51.55,9.92,0.07,42.13,8.39,4.86,18973.74,3.89
17.96,20.36,65748.32,10.34,11.42,29.61,7.77,0.13,22.2,5.21,5.42,20600,2.2
20.37,22.06,65848.74,9.09,12.84,26.16,8.57,0.13,23.58,7.04,5.72,20647.14,1.68
16,19.71,67483.84,9.06,12.78,21.95,9.18,0.14,19.85,6.02,5.59,20562.8,1.49
22.24,23.84,65697.1,9.29,12.93,28.49,9.59,0.11,23.32,7.46,5.55,20575.08,1.88
29.5,30.64,66025.22,8.68,17.28,22.95,12.09,0.14,27.99,10.09,5.7,20111.7,2.29
28.29,29.66,66116.2,8.97,16.54,26.81,11.41,0.14,27.94,9.43,5.68,20181.69,2.37
25.84,27.67,66301.01,9.56,15.05,34.67,10.03,0.13,27.83,8.1,5.64,20323.85,2.54
27.51,29.41,66827.99,8.53,18.57,31.79,9.07,0.13,31.8,8.83,5.13,21378.11,1.94
22.66,24.12,44041.28,7.01,34.47,50.61,8.44,6.88,24.61,6.05,5.88,16361.17,3.54
23.14,23.98,43918.81,6.73,35.11,49.72,7.96,6.89,25.31,5.54,5.74,16241.46,3.65
25.28,27.08,44617.91,7.4,33.1,47.97,7.18,6.87,26.53,5.92,4.68,16240,3.65
23.23,25.09,44537.69,7.13,35.01,49.63,8.37,6.89,24.49,6.05,5.91,16374.44,3.36
14.91,16.8,65572.45,8.98,12.47,24.53,6.68,0.14,24.07,5.61,5.6,20750,1.64
14.85,16.82,66051,8.9,12.31,23.77,5.89,0.13,24.66,5.6,5.04,20588.39,1.37
13.93,18.11,67725.36,9.02,12.67,20.08,8.58,0.14,19.55,5.46,5.58,20579.78,1.37
15.61,17.97,65844.4,9.26,12.24,23.2,6.35,0.13,23.96,5.44,5.64,20722.57,1.54
40.84,46.21,31718.69,7.75,18.9,72.95,10.42,0.08,40.51,6.74,5.69,18311.98,2.86
32.03,36.23,32581.19,9.12,14.79,59.69,7.79,0.08,41.39,5.29,5.68,18050,3.61
36.67,40.81,31310.38,7.99,19.41,71.86,8.95,0.08,42.9,6.3,5.71,18039.31,3.2
38.14,41.94,31242.85,8.08,19.33,73.71,9.18,0.08,42.45,6.49,5.78,18122.72,3.1
27.14,33.29,41245.28,6.44,17.61,57.74,11.38,0.13,38.55,10.66,5.81,17736.38,3.22
28.42,33.69,44037.51,7.11,17.28,56.48,10.19,0.07,41.75,9.86,5.88,17996.46,2.74
29.77,34.48,47702.5,8.01,16.58,55.52,8.44,0.08,45.81,8.87,5.97,18258.53,2.14
27.2,33.21,41105.06,6.43,17.95,57.32,11.36,0.03,38.52,10.59,5.8,17875.09,3.17
17.32,21.75,47865.97,3.52,18.05,41.49,10.39,4.14,27.13,14.78,5.84,14842.59,2.55
17.5,21.31,47983.18,3.48,18.09,41.94,10.6,4.19,27.21,14.97,5.82,14848.5,2.56
17.77,21.4,47270.8,3.61,18.22,42.04,10.23,4.19,27.14,14.79,5.83,14816.16,2.64
17.85,21.45,47336.99,3.52,18,41.81,10.23,4.29,27.07,15.08,5.82,14928.72,2.65
26.28,27.08,36534.89,7.82,21.52,47.05,12.36,0.83,35.56,4.78,5.11,11989.64,2.51
28.76,29.7,37562.41,5.98,22.89,56.28,15.16,1.18,38.32,9.8,5.87,11451.39,2.53
28.44,29.24,37113.71,6.2,22.79,54.81,14.71,1.02,38.17,9.03,5.74,11569.83,2.54
36.29,37.01,39183.89,5.71,24.64,55.55,17.67,0.92,39.07,10.88,6.01,12483.04,2.28
29,31.58,45519.26,3.77,13.16,20.87,16.45,1.56,22.44,11.82,5.89,16525.5,2.05
29.14,31.62,46147.65,3.68,13.12,21.54,16.56,1.55,22.72,11.76,5.87,16397.63,2.06
29.31,31.56,44710.32,3.62,13.11,21.37,16.55,1.53,22.62,11.66,5.88,16350.94,2.04
29.33,31.56,45226.4,3.74,13.26,21.72,16.51,1.52,22.34,11.73,5.89,16503.92,2.01
29.84,39.71,43811.47,8.47,14.54,77.22,6.01,0.2,49.82,7.43,5.92,18141.62,5.01
28.78,36.25,42515.42,7.38,16.32,66.83,8.86,0.07,44.04,9.12,5.86,17943.05,4.06
30.51,39.7,44154.18,8.49,15.03,77.4,6.05,0.13,49.95,7.42,5.91,18190.26,5.03
30.35,38.46,45365.52,8.45,15.09,71.61,6.36,0.08,49.41,7.71,5.94,18177.59,4.19
12.89,15.22,67091.84,9.96,11.98,33.32,7.11,0.14,24.77,5.33,5.6,21079.37,1.82
14.54,16.38,66178.03,8.9,12.18,25.09,5.77,0.13,24.84,5.59,4.68,20516.49,1.38
13.65,15.02,65346.49,9.26,12.23,31.51,7.69,0.15,23.96,5.52,5.53,20836.81,2.19
12.52,15.39,66898.86,10.15,11.66,32.51,6.63,0.14,26.09,5.09,5.83,21119.63,1.9
22.04,23.56,50032.15,10.17,19.4,32.47,10.39,4.16,15.3,7.94,4.7,13972.18,2.6
21.25,22.77,42791.76,9.98,22.45,34.29,13.33,4.09,16.72,10,5.67,14265.13,2.58
19.91,22.54,42110.44,9.93,23.4,32.69,13.56,3.99,18.12,10.39,5.42,14389.01,2.88
22.6,23.05,43461.84,9.99,21.53,36.2,13.01,4.3,15.28,9.67,5.93,14128.53,2.29
21.69,23.91,44802.75,8.25,32.51,53.83,8.79,6.91,24.38,6.9,6.32,16658.6,3.27
23.33,23.36,44438.34,7.39,34.65,50.88,7.05,6.94,26.94,5.13,5.82,16249.23,3.65
23.53,25.96,45821.99,8.25,34.44,50.59,8.05,6.94,24.93,6.32,6.21,16554.34,2.98
21.91,23.75,44843.91,8.25,32.68,53.68,8.45,6.92,24.94,6.63,6.28,16612.55,3.31
28.36,32.15,65243.24,5.87,19.27,54.32,10.28,0.13,41.86,8.56,5.96,21905.7,4.11
25.74,29.17,66111.86,9.02,17.59,48.9,9.03,0.13,39.24,6.9,5.62,22279.29,4.11
28.48,32.22,65051.94,5.84,19.29,54.25,10.3,0.18,41.87,8.66,5.96,21839.1,4.1
26.37,29.87,65905.77,8.27,17.99,50.19,9.33,0.13,39.87,7.3,5.7,22190.65,4.11
10.79,12.54,65843.71,10.06,14.86,41.79,8.36,0.13,25.29,5.8,5.94,20277.32,2.71
11.08,12.21,66724.41,10.62,13.85,28.6,5.47,0.13,24.44,5.25,4.46,20489.65,4.05
11.98,13.41,65481.9,9.66,13.94,37.85,8.23,0.14,24.55,5.75,5.75,20452.96,2.55
10.74,12.67,66024.49,10.14,14.7,41.57,8.2,0.13,25.51,5.74,5.96,20332.13,2.66
15.58,18.3,53663.47,10.6,17.52,32.25,5.39,4.79,15.92,3.84,5.98,13451.36,2.28
18.18,20.3,49716.46,10.37,19.11,33.39,8.38,4.53,15.79,6.14,5.96,13698.48,2.28
22.1,22.69,44191.35,10.07,21.23,35.61,12.56,4.23,15.36,9.21,5.93,14089.64,2.28
16.21,19.01,53781.19,10.58,17.28,32.98,6.37,4.75,17.28,4.64,5.3,13537.62,2.28
30.7,34.92,49751.84,8.48,15.99,55.09,7.58,0.05,47.83,8.36,6.03,18328.2,1.84
29.27,34.19,46362.41,7.68,16.83,55.87,9.08,0.08,44.32,9.23,5.94,18162.7,2.36
28.57,33.78,44460.59,7.21,17.2,56.37,9.98,0.07,42.21,9.74,5.89,18026.71,2.67
30.29,34.65,49597.76,8.51,16.15,55.33,7.49,0.08,48,8.28,6.18,18400,1.91
36.38,38.25,27322.45,5.43,31.13,63.28,12.48,0.05,39.81,10.36,6.03,18010.69,3.17
36.46,37.97,27158.56,5.38,31.28,62.68,12.62,0.09,39.92,10.35,6.02,18126.87,3.16
36.54,38.14,28229.96,5.5,31.38,62.52,12.44,0.02,39.99,10.3,6.04,18198.33,3.17
36.62,38.14,27576.05,5.56,31.05,63.33,12.37,0.1,39.99,10.31,6.02,18133.92,3.28
38.17,39.16,39640.31,5.68,25.04,55.55,18.24,0.81,39.35,11.27,6.07,12801.34,2.16
38.44,38.98,39932.59,5.59,24.92,55.51,18.37,0.9,39.14,11.14,6.07,12601.64,2.2
38.64,39.14,39979.15,5.74,25.29,55.45,18.44,0.87,39,11.15,6.06,12726.27,2.21
38.25,39.02,39821.53,5.64,25.06,55.1,18.33,0.89,39.17,11.23,6.06,12733.07,2.19
24.53,29.83,40062.27,7.16,18.37,46.84,10.73,0.08,35.83,8.57,6.19,17884.82,2.1
22.64,28.93,40295.04,7.04,18.75,44.55,13.08,0.15,41.03,9.59,6.07,17664.52,2.77
22.58,28.72,39727.58,7.13,18.76,44.11,13.06,0.17,40.53,9.48,6.09,17672.89,2.79
22.9,28.59,40183.25,7.04,18.91,44.46,12.91,0.05,40.78,9.41,6.05,17600.1,2.69
21.21,24.1,53573.13,2.95,26.09,57.34,8.95,2.29,33.13,5.66,5.35,17667.65,4.03
21.93,24.18,51580.85,1.84,28.52,66.79,10.93,0.79,37.36,8.47,5.51,16844.67,3.87
19.77,23.44,47696.38,1.53,30.02,64.65,11.58,1.49,34,8.64,5.83,16722.95,3.82
18.28,22.11,49178.41,1.28,28.77,66.2,12.61,0.7,36.66,9.5,6.1,16985.39,3.63
31.94,31.42,35573.73,6.62,24.16,35.73,23.41,1.59,28.37,12.65,6.16,14146.09,2.53
32.47,31.58,36343.22,6.6,24.33,36.97,23.52,1.68,27.62,12.7,6.16,14241.88,2.51
32.39,31.32,35673.55,6.62,24.61,36.14,23.44,1.58,27.84,12.61,6.17,14270.73,2.57
32.29,31.57,36032.42,6.68,24.37,36.39,23.54,1.65,27.88,12.65,6.17,14330.05,2.62
26.5,31.3,44700.09,2.18,30.02,61.37,9.58,2.72,28.74,8.33,5.82,17166.75,3.86
26.38,28.05,52880.29,2.42,28.14,66.24,9.13,1.15,36.82,7.67,5.06,16892.09,4.05
28.97,34.39,44251.34,2.44,28.94,61.01,9.51,2.57,28.26,9.16,6.09,17598.49,3.72
26.14,30.9,44735.75,2.16,30.18,61.35,9.59,2.73,28.79,8.24,5.78,17098.18,3.88
29.32,31.44,26450.81,5.95,27.22,30.03,6.86,6.25,30.37,6.32,6.24,7477.26,0.83
29.49,31.39,26191.93,5.99,27.43,29.31,6.83,6.28,30.75,6.24,6.23,7412.14,0.86
29.37,31.24,25977.69,5.93,27.38,29.53,6.94,6.29,30.7,6.25,6.22,7533.72,0.84
29.82,30.86,25891.43,5.98,27.07,29.25,6.84,6.24,30.38,6.28,6.23,7549.44,0.86
26.71,29.13,64534.54,8.53,18,36.8,8.54,0.13,36.41,7.95,5.57,22039,2.97
27.24,29.8,64283.67,8.67,18,34.33,8.02,0.13,36.94,8.04,5.75,22154.26,3.03
26.92,29.39,64435.69,8.59,18,35.83,8.33,0.13,36.62,7.98,5.64,22084.41,3
26.89,29.16,66782.15,8.54,18.9,34.57,7.79,0.13,33.71,8.33,5.05,21909.8,1.96
18.87,20.96,50419.84,9.25,23.91,28.62,11.36,5,16.5,9.9,6.13,14548.9,1.46
17.48,20.99,48013.77,9.32,24.93,27.5,12.05,4.69,18.48,10.46,5.69,14665.78,2.08
16.51,19.74,54289.5,8.79,25.44,24.19,10.39,5.45,17.42,10.14,6.21,14803.9,1.03
18.04,21.71,44366.15,9.62,24.64,29.43,13.01,4.25,19.1,10.65,5.39,14585.5,2.69
9.45,9.91,27758.33,8.54,17.68,31.72,10.57,4.37,24.56,10.41,6.31,9648.23,2.44
9.62,9.86,28506.57,8.57,17.81,32.29,10.54,4.42,24.87,10.35,6.29,9612.9,2.42
9.32,9.85,27619.78,8.62,17.53,31.9,10.54,4.35,25.01,10.48,6.28,9630.73,2.44
9.34,10.04,28166.81,8.57,17.56,31.81,10.52,4.4,25.1,10.52,6.26,9573.03,2.4
21.49,24.45,44841.9,8.24,32.4,53.75,9.36,6.89,23.4,7.34,6.39,16733.27,3.15
24.47,27.45,45535.5,7.96,33.76,48.93,8.06,6.89,24.87,6.55,5.19,16483.77,3.12
23.33,25.87,45096.21,7.53,34.86,49.73,8.55,6.9,24.09,6.38,6.06,16479.21,3.13
19.91,24.49,46051.69,7.49,33.73,46.05,9.32,6.98,23.57,6.6,5.26,16493.81,3.34
15.46,18.15,46924.19,9.08,26.4,22.64,11.8,4.91,14.21,10.73,5.97,14589.09,1.61
14.32,16.51,49498.64,8.76,27.05,19.25,10.85,5.34,11.9,10.6,6.27,14599.41,0.96
14.33,16.63,49958.46,8.72,27.12,19.39,10.83,5.39,12.35,10.64,6.32,14639.87,0.91
16.4,19.44,45204.24,9.32,25.78,25.24,12.42,4.59,15.89,10.75,5.71,14567.62,2.1
26.94,29.04,44011.92,4.93,15.8,44.79,9.77,1.58,28.73,9.3,5.51,16576.87,1.76
26.63,31.38,39546.62,7.3,17.75,49.69,8.11,0.06,29.74,7.59,6.33,18076.08,1.46
23.06,28.92,40028.29,7.08,18.64,44.88,12.56,0.08,39.91,9.3,6.09,17696.06,2.61
27.07,28.3,45410.24,4.09,15.01,43.07,10.34,2.11,28.23,9.93,5.22,16013.11,1.91
22.43,25.04,45825.2,9.01,14.12,68.48,7.51,0.02,47.98,6.44,6.34,18424.73,5.53
29.11,33.26,49125.72,8.58,15.88,57.21,7.51,0.08,48,8.01,6.18,18400,2.43
22.41,25.35,46442.28,8.99,14.35,67.87,7.59,0.08,48,6.49,6.18,18400,5.39
22.32,25.14,46126.21,8.9,14.34,67.99,7.66,0.05,47.94,6.41,6.33,18446.4,5.43
25.04,29.11,16645.13,9.08,25.57,41.15,6.39,6.18,31.19,6.98,5.62,5320.3,0.73
15.26,19.3,10353.78,7.96,24.43,45.84,6.86,5.37,26.39,8.81,6.34,4151.44,0.81
15.18,19.22,10388.73,8.11,24.06,45.72,7.01,5.46,26.47,8.75,6.32,4097.82,0.8
29,30.96,25679.77,5.96,27.21,30.37,6.83,6.26,30.39,6.3,6.23,7346.89,0.82
44.17,45.5,3781.79,5.4,22.96,37.41,10.16,2.16,26.62,8.24,6.38,8073.14,6.57
44.02,45.61,4080.81,5.38,22.9,37.64,10.38,2.15,26.58,8.33,6.39,8123.95,6.67
44.35,45.97,4115.34,5.39,23.23,37.47,10.21,2.06,26.77,8.27,6.38,8167.26,6.62
44.22,45.73,3562.26,5.46,23.11,37.85,10.34,2.12,27.07,8.25,6.38,8245.75,6.58
35.37,41.13,31593.51,8.35,17.73,63.46,7.48,0.08,41.81,6.17,5.9,17853.35,2.55
35.42,42.22,31920.02,7.53,19.15,64.69,9.45,0.08,42.17,6.28,5.62,17907.13,2.95
35.58,41.98,31761.18,7.72,19.18,65.04,9.24,0.08,42.36,6.43,5.76,17859.7,2.83
34.79,41.28,31924.79,8.23,16.76,61.52,6.95,0.08,40.94,5.59,5.6,17979.38,2.71
23.38,22.66,45118.4,8.29,33.83,52.65,6.12,7.01,28.65,4.82,5.98,16305.43,3.62
23.3,22.72,45102.43,8.28,33.76,52.71,6.26,7,28.44,4.92,6,16323.3,3.6
22.58,25.23,44752.79,8.05,32.31,52.25,8.71,6.88,24.4,6.98,5.61,16597.57,3.32
22.67,26.06,45555.38,8.23,33.69,51.49,9.07,6.9,23.4,7.11,6.34,16690.35,2.91
39.66,40.24,45583.16,1.03,12.37,77.11,11.84,3.07,39.04,6.93,6.41,15020.45,2.1
39.77,40.71,45728.63,0.9,12.57,76.35,11.98,3.05,38.89,6.9,6.43,15080.88,2.06
40,40.6,45622.75,0.98,12.54,76.84,11.83,3.1,39.07,6.81,6.43,14955.86,1.97
39.71,40.58,45285.3,0.96,12.49,77.1,11.92,3.02,38.88,6.99,6.41,15162.15,2.03
23.85,27.01,44697.73,7.52,33.43,44.11,7.33,6.89,24.32,6.46,4.8,16381.38,3.46
21.21,25.96,44612.75,7.47,34.6,39.71,7.91,6.91,20.83,7.1,6.41,16583.83,3.17
21.71,25.35,44320.01,7.18,34.78,42.35,7.94,6.9,22.02,6.65,6.21,16475.97,3.33
21.15,25.46,44589.27,7.64,33.98,43.06,8.26,6.9,21.4,7.18,6.41,16621.49,3.19
38.23,38.57,24240.95,6.06,23.53,31.36,18.59,5.44,22.23,11.45,6.44,11561.35,1.61
37.64,39.55,24525.42,6.95,24.58,32.68,19.68,5.15,22.74,13.47,5.83,11509.61,1.9
37.98,38.77,24460.32,6.29,23.13,31.55,18.73,5.4,22.24,11.24,6.47,11601.43,1.57
38.28,38.69,24598.16,6.2,23.53,31.41,18.63,5.35,22.05,11.46,6.47,11493.7,1.68
23.46,25.83,36358.06,9.25,18.36,46.57,12.12,2.71,31.79,5.79,5.52,13711.15,2.6
22.6,28.42,40140.8,7.03,18.64,44.03,13.06,0.08,40.95,9.46,6.04,17749.43,2.74
30.43,34.65,49382.81,8.48,16.44,55.24,7.44,0.13,48.12,8.35,5.99,18498.83,1.89
28.37,32.38,65289.49,5.85,19.36,54.38,10.33,0.21,41.69,8.59,5.98,21861.5,4.13
11.81,14.32,67132.42,10.49,12.32,31.08,5.98,0.13,25.88,5.06,5.37,20949.47,2.64
37.08,40.33,31073.76,8.2,19.5,73.88,8.71,0.08,43.18,6.39,5.8,18049.41,3.2
17.51,21.23,47413.09,3.58,18.4,41.75,10.25,4.22,27.12,14.88,5.84,14771.81,2.63
18.6,21.87,49460.71,1.43,28.7,65.95,12.34,0.79,36.36,9.15,6.05,16990.96,3.68
16.92,19.36,53894.51,10.56,17.01,33.99,7.2,4.76,18.29,5.22,4.72,13639.21,2.28
22.94,24.11,43903.89,6.76,34.93,49.92,8.25,6.88,24.85,5.78,5.78,16285.59,3.61
18.18,20.86,53302.31,10.43,17.99,31.45,7.07,4.48,15.75,5.38,5.19,13628.61,2.48
26.24,28.94,66720.12,8.79,18.37,40.92,8.35,0.13,35.69,7.69,5.21,22040.15,2.79
25.79,30.83,44860.01,2.56,27.41,57.65,9.82,1.87,28.2,9.08,5.29,18817.38,3.66
30.57,33.5,51849.58,8.24,15.78,42.61,10.34,0.13,38.08,6.7,4.71,19314.81,3.55
35.39,38.93,34106.97,6.08,30.87,63.91,12.29,0.07,42.67,10.22,5.89,18495.78,3.19
22.01,23.62,21968.04,8.31,20.05,43.04,11.66,0.13,35.52,7.63,5.59,17344.41,6.34
12.74,15.28,67146.41,10.05,11.88,33.2,6.94,0.14,25.19,5.25,5.67,21105.89,1.82
15.56,17.67,65982.83,9.54,11.76,26.89,6.4,0.13,23.69,5.25,4.84,20539.8,1.73
27.77,32.9,41369.24,6.44,17.85,57.13,11.47,0.05,38.89,10.56,5.83,17731.9,3.18
32.21,31.4,35578.42,6.61,24.29,36.16,23.37,1.61,27.84,12.77,6.15,14230.22,2.51
21.06,23.57,50980.74,1.71,28.61,66.74,11.34,0.77,37.17,8.7,5.66,16868.22,3.82
12.9,13.87,66360.98,9.47,13.66,37.21,8.51,0.14,22.65,5.94,5.36,20634.15,2.15
26.55,28.91,66994.94,8.59,18.79,37.15,8.06,0.13,34.02,8.12,5.01,21912.66,2.14
35.12,38.71,31652.52,8.57,17.67,68.43,8.35,0.08,42.49,5.96,5.68,18050,3.36
29.69,33.18,49698.19,7.98,14.8,43.05,7.98,0.13,39.39,6.34,4.55,18455.82,3.96
19,22.76,66814.04,9.37,15.13,67.5,7.08,0.22,38.5,5.57,5.66,22047.99,3.67
34.36,41.28,32335.51,7.58,18.11,62.81,9.41,0.08,41.68,5.81,5.38,18010.27,3.28
30.37,39.46,43823.63,8.41,14.77,77.04,5.87,0.07,49.92,7.43,5.91,18121.73,5.02
22.73,24.44,66055.55,9.51,13.06,33.28,9.26,0.13,24.61,7.31,5.67,20568.66,2.11
21.78,24.21,66389.18,10.35,12.83,41.85,8.16,0.13,26.7,6.14,5.52,20517.6,2.66
23.99,26.7,49661.52,2.15,30.06,64.08,9.44,1.93,33.77,7.35,5.11,16538.77,4.11
21.54,23.59,52882.62,10.24,18.46,31.03,9.07,4.17,15.33,7.09,4.24,13880.43,2.72
14.13,16.83,14282.87,8.22,25.01,48.22,6.23,5.57,27.89,7.82,5.73,5018.94,0.75
23.41,27.08,46007.79,8.23,34.51,50.06,8.89,6.91,23.4,6.97,6.31,16663.14,2.76
27.04,27.94,45688.79,3.92,14.75,42.98,10.41,2.18,28.29,10.12,5.14,15663.29,1.92
25.19,30.32,46548.91,4.55,15.77,59.48,9.64,3.83,31.7,5.49,5.67,16150.21,1.97
14.7,18.25,44582.38,8.63,32.47,56.87,7.74,7.02,28.18,7.83,5.09,16428.36,3.8
30.28,34.6,20694.1,9.68,26.42,38,6.18,6.59,33.36,5.99,5.24,6019.98,0.71
19.14,20.62,69274.03,14.44,13.15,44.57,7.14,0.08,31.31,5.36,4.8,21687.75,3.08
24.22,26.04,36535.3,8.89,19.56,45.29,11.77,1.8,33,4.49,5.21,12897.99,2.56
13.06,17.35,44963.37,8.36,32.26,53.22,9.9,7.03,27.49,8.64,4.92,16343.7,4.04
38.51,39.27,39778.96,5.65,25.14,54.96,18.42,0.91,39.23,11.07,6.09,12773.88,2.24
14.2,14.7,66616.55,9.11,12.9,34.29,8.59,0.15,21.1,6.02,5.02,20849.8,1.82
24.54,26.79,44787.63,7.77,32.49,49.42,7.64,6.88,25.92,6.38,4.41,16379.81,3.52
14.58,15.81,65036.97,9.3,12.15,30.95,7.89,0.15,23.05,5.47,5.38,20720.88,2.28
36.07,39.15,54452.08,8.49,19.9,41.81,15.17,0.2,36.07,7.34,5.25,20203.1,2.75
35.08,42.63,32218.68,7.21,18.98,63.86,9.7,0.08,41.75,5.95,5.45,18000,3.17
28.94,31.02,45339.12,3.71,13.38,24.9,15.51,1.67,23.51,11.52,5.76,16327.58,2.02
23.98,25.31,44145.08,6.93,34.35,48.88,7.74,6.88,25.62,5.74,4.68,16240,3.65
14.19,14.71,66555.19,9.11,12.88,34.19,8.57,0.15,21.18,6.01,5.04,20846.3,1.84
15.49,17.4,48432.4,8.93,26.35,21.68,11.26,5.18,12.37,10.52,6.26,14541.55,1.13
37.26,40.94,25046.76,7.79,25.93,34.3,21.03,4.84,23.25,16.21,5.07,11340.36,2.23
26.55,31.06,40395.61,7.18,18.04,49.31,8.25,0.09,30.46,7.61,6.33,18146.8,1.35
16.3,20.12,66931.76,12.39,13.07,35.61,10.91,0.09,29.09,6.03,4.56,21424.36,2.74
28.56,29.68,37225.38,5.82,22.92,56.06,15.15,1.09,38.75,9.74,5.85,11392.79,2.55
40.51,46.71,31948.4,7.72,18.25,70.15,10.11,0.08,39.86,6.56,5.63,18313.87,2.74
27.78,30.81,61632.04,8.93,17.22,45.34,10.06,0.13,38.29,6.96,5.37,21514.45,3.74
14.94,18.77,10083,8.08,24.07,46.43,6.83,5.5,26.73,8.75,6.34,4240.17,0.82
19.27,22.97,48196.17,1.66,28.3,63.48,12,0.82,34.5,9.3,5.69,17634.88,3.66
15.3,17.7,43860,7.43,33.5,42.2,6.85,7.07,24.6,4.18,3.32,16640,3.65
25.8,27.8,44810,7.59,32.6,47.6,6.95,6.87,26.9,5.99,3.64,16240,3.65
15.3,21,46041,6.53,32.6,41.1,9.89,7.06,23.8,6.15,3.91,16280,4.11
21.8,23.8,52850,10.23,18.5,31,9.23,4.15,15.3,7.22,4.17,13900,2.74
29.9,33.5,47060,7.78,14.2,45.9,8.22,0.13,39.6,5.97,4.23,17700,4.11
17.4,21.6,67130,12.83,12.7,34.3,11.4,0.08,29.8,6.07,4.29,21650,2.74
22,24.4,65140,13.2,13.5,42,10,0.08,33.2,7.54,4.34,21650,3.19
11.1,12.2,66760,10.64,13.8,28,5.34,0.13,24.4,5.23,4.39,20500,4.11
21.9,26.8,45331,2.69,26.5,54.1,10.2,1.24,28.2,8.98,4.44,19720,3.66
39.2,41.1,27140,5.14,17.2,63.4,26.1,2.9,41.5,25.1,4.45,13440,14.99
17.2,19.5,53940,10.56,16.9,34.4,7.53,4.76,18.7,5.46,4.48,13680,2.28
19,22,64700,10.3,12.4,30.5,8.91,0,24.2,5.76,4.5,20400,2.28
14,14.7,67000,10.48,15.1,32.4,11,0.13,23.8,6.81,4.55,20600,2.28
35.1,40.2,42340,7.92,28.3,47.4,9.27,0.07,40.8,7.86,4.6,18950,4.11
14.6,16.4,66150,8.86,12.2,24.9,5.76,0.13,24.8,5.6,4.65,20500,1.37
26.2,26.8,54249,8.3,14.5,61.9,5.44,0.14,37.9,5.07,4.81,19700,3.65
25.4,26.2,36300,8.48,21,43.9,11.4,0.75,34.5,3.05,4.86,12160,2.5
24.7,26.6,65490,7.99,18,46.2,10.5,0.13,34.4,7.59,4.86,21600,2.74
25.8,26.9,54249,2.42,28.1,67,9.09,0.92,38.2,7.43,4.87,16740,4.11
12.6,17.1,45070,8.29,32.2,52.2,10.5,7.03,27.3,8.87,4.87,16320,4.11
26.7,28.9,67130,8.49,19,35.3,7.91,0.13,33.2,8.33,4.92,21850,1.82
12.8,13.9,19240,8.5,26,50.6,5.52,5.71,29.6,6.61,4.97,6080,0.69
19.7,20.3,69970,14.96,13.3,47.9,5.76,0.08,31.8,5.13,4.97,21700,3.19
14.2,14.7,66620,9.11,12.9,34.3,8.59,0.15,21.1,6.02,5.02,20850,1.82
31,33.5,54920,8.54,16.8,40.5,11.7,0.13,37.1,7.17,5.02,20350,3.19
37.2,40.7,24920,7.89,26,34.1,21,4.85,23.4,16.1,5.08,11400,2.2
17,19.6,65730,10.58,11.1,29.9,7.38,0.13,22,4.71,5.13,20600,2.28
27.1,28.1,45790,3.86,14.8,42.6,10.5,2.26,28.1,10.1,5.14,15860,1.94
18.5,22.3,41390,9.87,24.4,31,13.8,3.89,19.6,10.8,5.15,14520,3.19
21.8,24.6,54499,3.29,25.5,55.4,8.18,2.63,32.4,4.87,5.19,17820,4.11
15.7,18.8,44350,8.79,32.6,59.1,6.42,7.01,28.6,7.33,5.19,16480,3.66
36.1,39.1,55101,8.51,19.8,41.7,15,0.14,36.2,7.44,5.23,20200,2.74
30.3,34.4,20050,9.65,26.3,38.4,6.17,6.56,33.7,6.01,5.24,5940,0.7
10.3,18.9,65120,10.74,10.4,19.7,4.71,0.13,21.9,5.6,5.28,20500,2.28
35.1,42.7,32231,7.16,19.1,64,9.85,0.08,41.8,5.97,5.34,18000,3.19
22.2,26.5,45130,1.89,32,61.2,9.78,2.92,29.4,7.27,5.35,16340,4.11
23,29.7,43680,2.58,32.1,58.2,10.1,2.67,28.6,8.98,5.4,16200,4.11
14,14.9,64870,8.99,12.4,31.2,8.01,0.16,23.3,5.65,5.44,20750,2.28
23.2,25.9,36740,9.24,18.3,46.5,12.1,2.72,31.7,5.74,5.52,13540,2.6
31.5,35.8,32740,9.22,14.3,58.2,7.7,0.08,41.2,5.18,5.55,18050,3.65
34.7,41.3,31979,8.21,16.6,61.2,6.86,0.08,40.8,5.49,5.55,18000,2.74
13.69,18.2,68050,9.03,12.7,19.8,9.01,0.14,18.7,5.44,5.55,20550,1.37
25.6,29,66160,9.19,17.5,48.6,8.96,0.13,39.1,6.81,5.6,22300,4.11
22.8,25.2,66530,10.3,13.2,44.4,8.33,0.13,27.7,6.44,5.6,20500,2.74
22.1,23.8,22451,8.27,20,43.1,11.7,0.13,35.4,7.65,5.6,17400,6.39
32.2,33.2,36190,6.75,23.8,33.4,21.9,7.31,27.3,17.4,5.63,14860,2.81
42.1,48.2,31940,7.59,18.7,72.6,11,0.08,39.6,6.86,5.65,18400,2.74
19.1,22.8,66500,9.44,15.1,67,7.17,0.13,38.4,5.55,5.65,22000,3.65
25.1,30.5,46670,4.6,15.8,59.3,9.51,3.8,31.6,5.46,5.67,16180,1.94
33.7,40.1,43261,6.96,30.4,64.9,12,0.07,46.4,10.1,5.7,19050,3.19
22.7,24.1,65839,9.15,13,28.2,9.69,0.13,23.2,7.7,5.7,20600,1.82
29.7,30.8,66010,8.63,17.4,22.3,12.2,0.14,28,10.2,5.7,20100,2.28
23.1,24.1,43821,6.61,35.2,49.5,8.13,6.88,25,5.62,5.72,16240,3.65
15.3,17.6,65870,8.97,12.5,21.7,6.12,0.13,24.4,5.6,5.76,20750,1.37
37.1,40.3,31060,8.21,19.5,74,8.7,0.08,43.2,6.39,5.81,18050,3.2
27.4,33.1,41290,6.43,17.8,57.2,11.5,0.07,38.7,10.6,5.81,17800,3.19
17.6,21.4,47510,3.55,18.1,41.9,10.3,4.23,27.1,14.9,5.83,14820,2.63
28.8,29.6,37210,5.93,23,56.1,15.1,1.05,38.6,9.74,5.84,11500,2.54
29.3,31.6,45250,3.68,13.1,21.4,16.5,1.55,22.6,11.8,5.88,16420,2.04
30.3,39.7,43860,8.43,14.7,77.4,5.97,0.08,49.9,7.49,5.91,18100,5.02
12.2,15.5,67340,10.4,11.5,32.8,6.33,0.13,26.7,4.97,5.91,21200,1.82
22.6,23,43480,10.03,21.5,35.9,13.1,4.19,15.3,9.6,5.93,14140,2.28
23.6,22.5,45159,8.29,34,52.5,5.78,7.02,29.2,4.55,5.94,16260,3.66
28.4,32.2,65230,5.82,19.3,54.4,10.3,0.13,41.9,8.59,5.97,21900,4.11
10.6,12.4,65900,10.12,15,42.4,8.38,0.13,25.4,5.81,5.97,20250,2.74
15.4,18.6,53650,10.59,17.6,31.8,5.41,4.74,16.1,3.96,5.98,13420,2.28
30.5,34.9,49681,8.5,16.2,55,7.49,0.08,48,8.33,6.02,18400,1.82
36.6,38.1,27570,5.46,31.2,63.2,12.5,0.07,40,10.3,6.02,18100,3.19
38.4,39.1,39740,5.65,25.1,55.4,18.4,0.88,39.2,11.2,6.06,12760,2.2
22.7,28.7,40020,7.06,18.7,44.4,13,0.08,40.9,9.48,6.07,17650,2.74
18.4,21.7,49151,1.32,28.9,66.6,12.6,0.68,36.6,9.41,6.1,16940,3.66
32.1,31.4,35790,6.62,24.4,36.5,23.5,1.63,27.8,12.7,6.17,14200,2.55
30,35.2,44350,2.42,28.4,61.5,9.41,2.55,28.2,9.19,6.21,17840,3.66
29.4,31.3,26130,5.9,27.3,29.9,6.83,6.28,30.5,6.23,6.23,7440,0.82
28.6,31.5,63640,9.04,18,28,6.7,0.13,38.3,8.28,6.23,22450,3.19
16.4,19.6,55021,8.73,25.5,23.8,10.2,5.54,17.3,10.1,6.27,14820,0.91
9.45,9.91,28000,8.62,17.6,32.1,10.5,4.46,24.9,10.4,6.28,9600,2.4
23.5,27.2,46060,8.23,34.6,49.9,8.87,6.91,23.4,6.95,6.31,16660,2.74
14.1,16.3,49400,8.72,27.3,18.9,10.9,5.37,11.8,10.7,6.33,14620,0.91
26.6,31.1,40110,7.27,18,49.6,8.17,0.08,30.1,7.54,6.33,18150,1.37
22.2,25.1,46359,9,14.3,68.2,7.59,0.08,48,6.44,6.33,18400,5.48
15.2,19.2,10270,8,24.2,46.3,6.8,5.46,26.5,8.8,6.34,4160,0.81
44.1,45.7,4030,5.42,23.1,37.5,10.3,2.1,26.9,8.26,6.39,8140,6.58
36.3,40.9,31059,8.55,19.3,66.6,8.33,0.08,43.2,7.12,6.39,17650,2.28
21.3,24.2,44730,8.24,32.2,54.1,9.41,6.89,23.4,7.38,6.4,16740,3.19
39.7,40.6,45580,0.94,12.5,76.4,11.9,3,38.9,6.9,6.42,14980,2.04
21.1,25.9,44540,7.43,34.6,39.2,7.86,6.91,20.7,7.11,6.42,16580,3.19
38,38.6,24200,6.18,23.4,31.5,18.6,5.39,22.2,11.3,6.45,11600,1.65
48.8,56.9,27170,5.45,14.4,67.6,23.5,2.08,28,19.6,13.9,14980,14.25
21,43.6,47930,7.43,12.3,25.2,12.2,6.1,12.8,13.2,10.5,14760,1.37
27,38.3,45800,9.53,35,75.6,13.8,0.07,40.3,9.06,8.8,19750,3.19
41.8,54,25160,8.29,15.4,67.5,12,5.3,32.7,7.58,12.2,13280,4.11
27.1,35.3,46349,6.7,25,72.5,8.54,0.09,46.1,11.1,8.33,17560,3.19
36.6,39.6,58750,9.57,24,63.8,14.1,0.31,45.4,12.4,11.1,20500,3.65
30.2,34.8,24149,11.63,17.4,53.7,9.44,6.07,24.3,7.12,8.72,13320,2.28
48.3,57.7,33850,8.65,27.2,51.9,9.34,5.52,30.4,12,9.49,13760,2.74
33.1,34.5,40600,7.97,19.1,60.8,11.4,0.08,40.2,7.86,10.2,18250,3.19
50.5,54.8,35460,5.99,28,90.5,21.1,0.18,41.2,14.4,10.2,19650,3.65
26.4,35.6,36019,10.89,25.9,80.5,16.9,0.78,47.1,10.9,9.69,15380,3.6
45.2,62.7,38500,7.39,24.1,57.2,7.12,5.56,18,8.98,10.5,14280,1.82
21,31.7,45270,8.91,20.8,17.7,8.99,6.94,8.1,7.99,7.66,14860,0.91
21.5,30.6,39740,6.46,7.16,63,13.4,3.26,30.6,12.1,14.5,17100,2.74
37.2,42.9,36950,8.46,20.7,65.6,8.75,0.08,44.6,7.28,6.96,18350,2.74
29.1,37.5,40640,1.11,16.2,36,13.7,3.34,24,12.6,11.2,13700,1.82
6.9,9.31,43100,7.9,32.5,54.4,5.88,5.27,32.5,6.42,9.19,16520,3.19
37.4,64.4,35080,8.14,27.8,48,7.89,5.38,25.1,6.65,13.3,13680,2.28
32.1,38.4,33989,10.18,21.8,64.2,15.9,0.1,45.8,10.1,11.1,12160,3.65
31.7,34.6,40151,6.63,26.3,29.4,11.1,6.29,18.7,12.6,12.4,13760,1.82
25.8,40.7,36769,11.08,22.4,56.2,12.7,4.27,22.5,10.6,9.7,13600,3.19
6.49,8.71,54781,2.5,21.7,49.8,6.85,2.93,28.9,6.95,8.93,17700,4.11
55.6,57.1,23580,8.8,14.7,160,9.18,3.51,42.4,6.55,8.92,13280,5.93
22.8,24.6,35139,11.29,18.1,64.2,12.8,5.08,21.7,11.9,11.1,13640,2.74
55.6,76.3,23860,9.1,15.3,77,14.6,5.1,36.1,8.3,9.44,12920,3.19
37,44.2,38550,7.67,20.4,63,10.1,0.08,46,8.64,7.6,18550,3.07
18.5,27.6,55430,7.35,19.8,33.3,13.1,2.01,17.7,12.7,10.3,14080,2.28
58.8,60.4,27090,5.03,21.4,52,28.9,2.96,34.8,26.5,12.9,15260,15.31
45.3,53.1,23050,8.77,13.7,98,8.87,5.75,41.2,9.65,10.2,13520,3.19
15.2,18.5,10090,6.76,24.3,26.7,12.1,5.69,30,8.42,8.04,4640,0.93
25.3,30.4,45720,6.19,11.3,49.7,16.1,4.44,22.9,14.6,12.5,16880,3.19
33.5,35.1,55971,7.93,23.2,48.2,17.8,0.21,41.3,13.2,10.5,20300,3.19
40.6,53.2,33570,8.79,8.82,73.1,10.3,5.63,37.2,5.98,10,13840,2.28
40.3,42.5,32430,7.15,22.6,51.3,7.27,5.22,24,10.3,12.5,13700,3.19
32.1,39.1,54720,9.07,24.5,58.1,13.2,0.11,35.6,11.2,8.54,19900,6.14
16.6,37.7,47009,9.9,24.1,47,7.38,6.25,23.4,8.02,11.2,13800,2.74
25.1,26.7,45529,8.98,35.4,35,11.3,6.36,16,11.6,11.4,16800,2.28
10.8,23.7,48420,10.5,20,51,5.26,4.3,25.3,4.07,8.72,15160,3.19
23.4,27.4,48129,5.1,14.9,66.2,15,0.47,20,14.6,13.9,17780,4.11
27.6,32.1,56911,7.16,24.9,54.9,14.7,0.07,37.9,12.2,9.38,21200,4.11
27.5,40,23280,11.56,18.9,52,10.7,5.32,15.99,8.36,9.75,13020,2.74
48.5,47.6,37870,7.08,25,136,20.6,0.2,49.7,13.4,10.4,21150,5.48
28.1,36.7,52879,7.18,11.3,52.4,13.6,6.11,32.4,13,14.3,16860,3.19
45.7,47,35910,7.53,24.3,94.7,19.1,0.2,52,12.3,10.2,20700,4.56
21.5,27.6,44890,7.26,42.1,66.4,15.4,4.62,32.6,9.94,13.3,17760,3.6
21.3,38.5,44220,9.89,26,43.2,5.3,0.41,30,5.78,10.7,13780,3.19
30.5,31.4,65571,8.01,19.7,33.8,13,0.14,32.1,11.7,8.17,20950,2.74
27.2,28.2,58920,9.77,18.9,49.4,10.8,0.14,38.8,9.59,8.96,19750,2.74
14.2,18.9,32390,11.22,17.9,49.6,11.5,5.06,27.4,10.5,8.87,13220,2.28
27.3,33.7,36880,6.62,37.3,72,17.6,2.04,35.4,14.4,11.3,17280,3.65
21.9,24.9,44869,8.79,7.32,57.3,16.7,6.32,27.4,15.4,14.3,16040,2.74
31.6,32.9,43330,2.58,27.7,64.5,13.9,1.5,32.2,10.2,9.94,16260,4.11
14.3,16.4,35060,9.2,27.3,15.8,11,7.07,9.8,10.7,7.49,14880,0.91
36.6,38,32611,6.26,21.2,57.7,7.65,0.08,42.4,11,7.23,18850,3.2
19.1,25.9,57259,7.9,18.5,30.2,14.3,2.19,14.6,11.5,8.02,14580,2.28
23.8,28.3,42690,2.6,16.5,52.4,10.7,3.96,34.2,6.74,11.2,16440,2.04
18.9,20.6,65390,7.44,21.8,58.3,12.8,0.13,37.2,9.43,7.07,21650,4.11
37.6,41.2,48690,8.65,23.7,61.3,11.6,0.15,46.9,11.2,10.2,16500,3.19
45.5,49.9,26020,5.84,22.1,37,10.9,2.1,25,8.64,6.89,13300,12.06
40.7,41.2,36790,3.76,22.1,58.4,27.4,2.04,42.2,21.7,14.9,16380,2.65
21.2,22.9,44019,5.48,40.7,47.6,12.2,6.07,24.4,10.4,9.89,17180,3.19
25.9,47.8,23701,11.42,19.2,51.1,10.9,4.7,18.2,9.08,9.8,13340,1.37
55.1,56.8,23640,9.15,15.7,93.9,12.7,4.22,37.7,6.29,8.05,13980,3.2
27.6,28.4,43310,6.39,37.2,41.7,10.6,6.38,21.2,9.09,8.98,16640,3.19
25.5,30.4,36021,9.19,14.5,19.2,8.44,6.99,19.6,10,9.32,14460,0.46
48.5,49.3,22090,9.58,17.8,144,6.34,5.35,41.4,10.4,8.25,13140,3.65
27.3,29.1,43670,2.37,29.6,62.6,7.22,4.12,29,6.26,12.1,16360,4.56
48.9,49.5,34929,8.56,29.8,117,22.5,0.18,37.3,13.5,11.5,17200,4.56
28.2,33.7,40591,10.75,24.5,56.4,13,4.24,20.9,10.7,9.03,14360,3.2
26.1,35,23670,10.86,22.6,55.2,14.2,4.95,29.3,11.8,9.39,12600,2.28
50.4,51.2,22810,9.37,13.9,10.9,8.72,3.98,41.1,6.7,8.87,13000,3.66
28.3,30.6,37800,4.25,25.2,65.3,20,1.48,39,15.4,11.3,12320,2.69
25.5,29.8,36830,10.25,22.5,58.3,17,0.48,32.6,11.6,9.06,11920,3.19
22.1,26.9,34870,9.04,16.5,61.8,8.49,0.08,41.5,5.39,9.01,17900,2.28
30.8,31.8,35299,6.65,26.8,61.7,15.6,5.63,31.4,12.6,13.6,15740,2.28
34.7,36.7,44610,11.6,21.8,72,14.3,0.16,43.5,11.5,8.75,16200,4.11
49.1,50.4,27100,5.94,25.3,47.9,20.8,2.86,30.2,21.6,7.27,13900,12.43
29.6,35.5,36310,3.64,22.3,78.5,17.6,2.63,41,15.5,14.1,15340,2.47
26.5,29.9,24201,10.84,22,82.8,16.4,2.09,24.8,8.67,7.99,12600,2.28
38.5,40.2,35941,10.5,26.2,102,20.7,0.32,40.1,12.3,11.4,16450,5.48
35.1,65,37589,6.52,18.2,83.6,8.98,3.77,30.4,10.2,11.9,14000,3.65
32.5,40.5,35090,7.21,34.8,53.2,11.9,0.07,51.3,11.1,7.44,19250,3.19
20.4,20.3,45100,8.83,26.1,31.4,12.2,6.33,23.2,11.3,10.2,14580,1.82
32.4,42.1,29429,11.43,22.8,52.1,14.2,5.69,22.2,12.6,7.74,13900,2.28
24.6,30.9,57910,7.72,16.8,39.9,13.2,0.13,32.6,9.17,7.28,21300,4.11
25.7,28.2,32670,7.11,24.7,28.3,11.3,5.97,21.7,13.3,13.2,14180,1.82
27,29.5,49869,1.37,24.7,70.7,7.81,3.71,33.8,6.42,7.01,17240,3.66
23.2,27.5,36920,3.35,10.9,73.4,21.5,2.46,42.7,18.3,10.1,16160,1.84
28.8,29.5,44940,2.85,32,58.4,6.74,3.94,26.4,4.66,7.91,16500,4.11
35.9,41.8,27959,5.36,18.7,64.8,9.65,5.65,25.6,12.6,14.1,13660,3.19
23.5,34.8,34989,11,20.2,51.1,14.3,4.8,19,11.2,10.6,13920,2.28
42.8,45,44739,7.83,24.4,71,17,0.15,48.8,13.3,10.8,16750,3.65
38.1,41.9,32830,4.69,14.1,40.7,12,4.62,17.3,15.4,11.9,13700,2.74
26.5,31.1,43950,3.77,31.1,19.8,14.1,7.19,15.9,12.8,9.62,14420,1.82
27.7,32.2,23720,11.51,15.9,60.6,10.2,5.31,21.9,9.08,10.3,12740,1.83
39,44.5,43330,5.93,11.3,61.4,11.6,4.24,28.9,11,11.6,14320,2.74
40.1,65.1,37810,8.06,24.7,54.4,4.84,6.25,28.6,12.1,13.8,14120,2.28
54,64.2,27120,4.65,17.3,52.6,30.4,2.6,35.6,24,12.4,14560,14.62
23.8,28.6,47541,10.33,18.6,54.4,11.9,0.09,35.6,7.75,12.3,16000,3.19
17.4,23.2,45990,2.57,16.9,71.9,20.1,2.41,36.1,13.6,10.2,16140,1.94
36.4,55.2,38000,8.86,29,56.1,8.61,5,17.9,7.22,9.96,13500,2.74
37.7,44.7,33050,7.73,20.5,70.4,7.94,4.67,20.7,10.3,12.7,13540,2.28
54.1,55.5,27050,5.51,15.2,63.2,19.2,1.81,31.8,17.4,14.9,15460,13.89
36.2,39,60350,7.67,23.3,40,14.6,0,41.2,12.5,8.22,20200,3.19
30.4,35.6,57539,15.53,16.7,50.6,11.1,0.16,37.9,9.22,8.64,17150,3.19
20.2,25.6,39410,7.27,24.8,68.8,15.5,0.19,41.6,13.4,11.6,15660,3.19
14.6,16.8,46731,9.38,36,45.8,8.5,6.96,22.4,9.46,10.3,17540,3.19
26.9,29.1,40990,2.74,30.9,56.1,9.67,3.23,26,9.41,12.5,15940,4.57
17.3,22.3,48489,10.73,20.2,41.4,14.8,0.09,32.1,13.9,14.4,15620,2.74
48,60.7,33850,8.53,23.4,57.1,9.18,4.6,25.6,11.4,9.8,13900,2.74
36.9,45.1,26061,8.35,34.4,63.6,15.5,0.14,42.8,10.7,8.7,18850,3.65
27.3,30.5,38070,6.63,25.4,60.7,16.7,6.48,28.6,13.6,12.6,17760,3.19
31.5,43.5,40160,3.83,26.3,37.5,14.8,5.71,24,12.8,12.4,13840,2.28
32.6,37.2,40850,8.25,27.4,55.2,8.85,0.07,40.8,6.33,6.54,18050,3.65
45.1,46.7,34299,7.47,29.5,84.1,20.8,0.18,38,13.6,11.3,19250,4.11
36.1,39.2,59970,9.44,22.6,55.2,15.3,0.15,39.8,12.5,10.1,20300,3.19
20.4,30.3,42610,6.31,23.8,54.8,8.51,3.45,26.7,11.1,11.7,14760,3.19
37,38.4,26211,5.69,19.9,62.9,11.3,3.82,26,12.4,11.3,13680,3.19
6.52,11.1,51430,10.61,20,50.6,4.07,4.83,22.6,2.67,8.61,15880,2.28
28.6,30.7,55421,15.53,17,51.7,11.6,0.17,39.5,9.59,8.17,17150,3.19
26.5,32,23509,12.02,16.6,56.5,7.43,5.5,22.8,7.37,8.87,13460,1.82
19.4,23.3,52209,9.46,24.7,20.5,9.38,6.2,11.4,11,8.71,12580,1.37
25.3,28,37320,2.57,29.6,85.6,18.8,1.69,31.2,15.3,11.1,15500,4.11
32.3,34.6,27750,10.23,22.7,55.4,16.5,0.09,37,18,12.1,15320,2.74
13.7,26.8,48600,7.16,23.2,40.3,15,4.94,18,12.9,9.19,17740,2.28
24.7,36.6,49660,5.94,18.4,25.6,11.4,4.98,14.4,11.7,11.4,14300,1.82
42.6,43.8,32131,7.24,29.1,97.1,24.1,0.19,42,13.3,12.3,20000,5.02
18.2,24.1,67620,8.52,20.2,38.3,16.2,0.13,36.8,12.3,10.3,20500,4.56
29.2,30.4,44580,2.18,25.8,63.2,16.7,0.76,30.3,14.4,13.5,15020,2.74
42.4,57.3,37849,4.73,16.1,50.1,9.29,5.86,18.2,15.8,13.8,13580,2.74
38.2,43.3,60119,3.07,23.7,62.9,13.9,0.07,39.8,10.3,7.7,21300,4.56
37.2,44.3,33480,7.28,25.9,69.5,16.3,0.15,49.4,14,10.9,15800,3.65
53.4,56.7,24270,8.6,19.7,78.3,14.2,3.9,43.2,7.94,7.74,13120,4.11
33.8,36.5,23669,10.88,20.9,85.9,16.2,4.33,23.5,9.54,8.46,12480,2.74
31.5,36.1,41499,8.16,21.1,46.5,16.8,0.17,34.2,13.5,10.5,16300,3.66
27.5,34.5,24001,11.99,16.5,53.4,8.36,5.92,20.5,7.68,8.51,13320,2.28
42.9,44.1,31030,12.53,24.4,108,19.8,0.17,39.7,13.2,11.3,15750,3.19
17.8,22.2,46570,6.28,41.9,57.6,12.5,3.32,32.2,10.3,10.6,17820,3.66
43.2,70.2,23760,8.09,17.7,83.9,11.2,5.67,30.9,8.25,10.7,13200,2.74
31.8,39.7,38219,8.82,20.5,68,6.12,0.07,63,4.18,7.75,18550,3.2
27.6,32.1,43921,8.86,36.3,37.9,9.35,7.08,26.9,8.55,6.79,17240,2.74
45.6,47.3,22840,9.75,14.1,80.8,14.5,4.14,37.4,8.41,8.41,13220,3.2
23,29.6,16449,10.06,21.6,48.1,15.9,4.82,18.5,13.6,9.27,11020,1.82
39.9,43.4,44150,8.77,24.1,48.8,18.5,0.15,38.5,12.7,9.75,16600,3.19
31.5,36.9,31360,10.31,24.9,77.4,15.3,0.21,45.8,10.4,10.2,14700,2.74
33.2,39.3,41860,1.74,22.1,76.8,18.6,2.6,23.9,21,13.2,16820,2.95
38.1,40.4,55579,11.04,23.8,56.2,15,0.15,47.3,12.3,9.75,20000,3.19
8.59,12.7,49461,9.7,9.59,27.6,5.91,0.08,24.2,5.13,8.17,20050,1.82
47.4,49.4,30469,5.93,28.9,122,21.7,0.18,48.6,13.5,11.3,20150,2.28
39.3,51.3,26629,8.49,24.7,54.1,10.6,5.47,24.2,9.75,10.4,13560,2.74
34.2,42.1,32370,3.45,19.2,22.6,16.2,6.93,22.2,12.4,8.29,12380,2.31
37.5,40.1,43410,11.42,24.3,73.2,13,0.15,45.8,11.1,10.1,16600,2.74
16.1,18.5,43709,8.1,35.7,41.9,9.73,7.14,21.1,9.09,7.06,17020,3.19
24.4,32.5,41360,7.75,5.41,36.7,17.8,4.19,21.6,14.8,13.5,17040,3.65
49.1,49.8,34171,7.35,29.2,141,23.9,0.19,41.9,14.5,11.3,17050,2.74
25.1,29.5,25470,9.41,8.66,44.8,6.5,6.52,32.8,7.66,15,7240,2.48
29.6,35.8,43080,5.82,24.3,62.7,16,0.43,27.8,13,13,13980,3.65
34.6,35.2,51841,8.5,20.4,49.2,13.5,0.13,40.3,9.69,8.91,20400,2.74
34.1,37.6,34590,11.02,19.2,57.9,13.7,4.47,22.6,10.9,11.3,14120,2.71
30.1,38.1,41990,7.96,24.9,84.1,12.3,0.09,45.4,11.3,9.64,15980,3.65
39.9,51.6,25520,3.59,35.8,70,18.7,0.09,49.8,18.2,14.3,15940,3.65
36.3,46.2,41889,9.02,33,65.2,10,0.07,48.4,10,7.17,18450,3.65
35.2,46.5,56770,8.39,22.1,43.7,14.4,0.13,40.7,10.3,9.38,18700,2.74
44.1,54.5,26540,7.83,24.1,42.2,13.5,4.34,20.7,9.7,10.1,12620,3.19
39.2,40.5,36730,4.89,11.4,30.8,23.1,2.81,29.3,21.4,13.1,15460,2.88
17.5,18.2,62060,9.81,23.8,57.2,12,0.07,32.4,9.9,9.01,19900,1.82
28.7,38,37079,9.12,20.5,73,10.6,0.09,46.6,7.07,9.43,15040,3.19
43.2,45.1,33890,7.99,23.9,117,18.2,0.2,50,13.2,11.8,20600,3.65
36.4,43.6,41121,4.98,11.3,34.9,12.3,4.78,21.3,15.3,11.7,14020,1.82
28.6,37.6,41259,2.76,19.5,32.4,12,3.91,17.6,12.6,12.3,13180,1.82
31.9,33,31770,2.74,19.4,47.7,17.8,4.52,26.1,17.3,12.5,12680,3.1
31.6,34.4,15240,4.57,19.5,35.7,11.8,4.85,29.9,7.91,8.98,11380,2.32
38.9,40.4,42511,3,32.7,70.8,18.9,1.49,37.6,15.2,12,16280,5.48
27.7,28.8,67330,5.76,21.7,63.2,12.3,0.14,40.5,11.2,9.43,20200,3.19
25.1,30.4,40170,6.29,31.9,84.3,15.4,0.47,26.4,12.5,12.4,12460,2.74
19.7,21.3,44560,9.67,29.8,21.3,12.3,7.45,14,12,10.6,14680,0.94
54.4,55.2,27390,5.55,16.2,63.2,19.7,2.3,33.2,18.4,14.3,15280,14.62
32.7,35.8,66411,4.44,21.3,51.6,13.5,0.13,37,11.3,8.91,20800,2.74
24.2,26,27840,7.33,11.8,61.2,5.57,5.05,30.4,8.04,13.4,8360,2.41
27.6,29.4,44030,2.43,26.8,61.9,13.1,2.06,32.5,10.2,8.01,16260,3.66
8.52,11.5,57606,6.17,22.2,52.4,3,4.65,28.6,4.02,9.09,17480,3.65
20.6,25.1,48780,9.59,13.4,70.2,6.75,0.08,40.5,5.23,7.38,19750,4.11
36.7,45.8,25049,4.61,18.9,55.7,16.5,3.01,14.7,14.5,10.5,13580,3.19
33.9,34.8,45620,10.36,23.7,52,15.8,0.15,38.2,12.7,9.38,15950,3.19
29.8,37.2,29770,11.72,18.7,49,10.7,5.51,24.8,9.54,8.46,13760,1.82
27.6,34.3,43590,6.22,38.5,43.2,11,6.69,21.4,9.51,8.07,16180,3.19
27.5,34.5,29270,11.26,16.2,55.7,12.7,3.48,27.2,7.06,10.8,14100,2.74
40.5,47.5,37020,6.95,17.1,63.6,8.2,4.99,31.9,10.9,12.2,13840,2.74
34.4,36.9,39270,2.27,20.1,68.2,11.9,2.23,29.9,10.1,7.65,15880,3.66
39.2,66.6,30870,7.12,15.8,65.4,5.93,5.64,32.8,12.3,13.9,13680,3.19
25.2,36.9,36389,6.24,24.6,26.5,11.6,6.27,14.8,12.1,13,13640,1.83
37.4,38,17480,9.74,17.2,148,15.6,5.17,42.4,13.9,8.36,12040,5.02
47.5,108,23990,8.81,16.6,81.6,10.5,5.59,27.4,9.49,10.5,12980,3.66
27.4,42.1,47050,8.66,33.1,37.6,13.5,4.45,20,12,9.35,13960,1.82
47.7,49.7,29720,9.08,26.1,142,22,0.2,47,13.8,10.2,20400,5.48
28.1,35.1,44381,8.05,21.7,64,14.8,0.43,39,10.5,9.38,16760,3.74
16.2,18.2,50469,6.08,27.2,47,6.95,4.27,22,7.33,7.54,17020,3.66
34.9,38.9,66080,5.25,21.8,41.2,17.2,0.14,41.6,14.3,8.96,20650,3.19
24.4,27.9,39630,8.32,42.9,52,13.5,4.92,32,9.89,13.4,17560,3.2
53.6,62.7,26920,6.19,24.5,62.3,17.4,2.39,36.4,12.8,9.36,13940,13.52
29,28.6,36839,3.07,30.6,90,15,3.64,55.9,12.8,13.4,17920,4.11
28.1,33.3,37250,4.42,20.8,82.3,17.6,4.81,34.9,14.5,14.1,17340,3.65
27,31.4,52071,6.17,19.8,50.8,11.6,6.31,27.6,12.8,13.8,18180,2.19
6.76,14.9,57000,10.6,14,39.2,8.02,5.77,15.9,8.82,10.9,14340,1.82
29.2,30.6,50681,0.3,22,60.3,11.2,0.22,35.5,9.54,9.75,19700,2.74
24.4,31,33810,5.38,37.8,70.3,17.4,1.14,31.2,13.5,11.5,17260,3.19
32.3,34.1,46090,8.57,25.6,53,11.4,5.87,21.4,10.3,6.94,13900,2.74
25.3,29.2,48370,2.84,17,89.2,16.4,1.85,47.1,12.6,8.87,15360,2.7
5.35,12.6,55121,10.19,17.6,35.9,9.46,4.21,18.7,9.51,11.9,14000,1.83
23.9,27.3,33730,10.47,23.6,32.3,16.4,0.24,37.7,10.6,9.17,11100,3.91
27.3,29.2,36010,5.04,25.3,53.9,24.6,0.3,34.1,16.7,9.19,12640,2.46
16.3,19.3,48840,9.76,10.6,43.7,7.65,0.08,21.6,6.07,8.7,20450,3.65
24.3,28.7,42840,6.86,37,62.6,17.7,0.81,34.2,13.4,10.4,17920,3.66
34.1,37.8,48050,15.53,16.5,56.5,11,0.16,42.4,10.1,9.43,16700,3.65
27.2,31,45639,8.37,26.5,26.2,10.5,6.02,12.2,12,9.49,14300,1.83
62.7,65.5,27120,3.98,17.7,42,39.7,2.96,45,35.8,8.16,15000,3.78
31,32.7,36560,7.86,22.4,76.1,9.47,1.75,32,4.36,6.83,13040,1.86
30.9,37.5,37721,4.32,20.4,57,15.5,6.1,19.4,13.3,14.2,16120,2.74
47.2,48.6,18760,9.25,17.3,115,8.67,5.41,30.4,8.2,10.9,13320,3.65
16.6,19.2,45879,9.17,34.5,40.5,9.25,7.09,20.9,7.38,11,17540,3.19
26.3,28.2,44320,1.96,27.5,61.1,16.8,1.85,34,13.9,13.3,17100,2.74
27.1,39.8,43220,6.28,25.3,58.2,15.5,2.14,17.8,14.6,12,14420,3.65
11.8,14,32270,9.41,21.5,26.1,10,5.8,18.8,12.5,9.74,9620,2.42
28.9,39.1,27140,9.7,14.5,73.2,12.9,3.99,35.9,8.72,8.61,17000,1.82
43.1,70.4,30720,7.83,26,66.4,11.5,4.74,27.5,11.3,9.75,13500,2.28
23.4,28.3,27621,11.59,17.9,65.5,8.67,5.9,27.5,8.3,8.1,13020,2.28
24.9,28.8,27690,10.79,21.1,59,13.9,4.14,16.7,13.4,8.38,14280,2.74
32.6,38.7,55920,7.86,13.4,37.6,10.3,0.13,44.4,4.55,7.86,19100,2.74
16.6,25,47001,9.72,26.8,41.2,7.97,5.41,22,5.4,10.4,13940,2.74
6.62,20.8,54379,9.53,24,20,8.44,7.19,10.8,8.05,9.27,14720,0.91
36.7,52.5,39231,8.5,24.5,54.6,8.41,5.42,20.2,8.98,10.2,13980,2.28
31.2,34.2,36960,3.13,18.9,70.3,23.1,3.05,41.8,21.8,14.9,16000,2.75
11.4,12.2,42920,3.28,36.3,68,19.9,1.6,34.6,16.3,13.1,15860,4.57
22.4,22.7,41780,7.01,5.63,49,15.3,3.9,27,11.7,14,17200,2.28
25.2,25.2,45310,5.2,17.8,34.3,7.33,4.39,25,4.82,6.69,15960,2
35.4,36.7,36080,5.84,23.2,33,25.5,3.88,25.3,19,10.9,16060,2.64
21.7,30.6,50040,9.22,19.7,52.2,5.44,5.1,20.6,5.11,8.38,14480,0.91
37.5,48.9,20389,8.12,32.1,43.2,13,0.07,36.2,9.33,7.75,15550,4.56
15,20.8,55711,1.97,19.1,56.9,16.2,1.78,40.2,12.1,11.4,17700,2.74
44.8,55.2,22650,9.05,8.5,84.4,10,5.78,33.9,10.2,9.7,13420,3.65
21.4,27.8,48060,10.63,23.5,40.6,15.8,0.09,37.8,12.5,14.2,16320,2.28
24.8,25.2,24509,2.81,25.6,53.5,14.7,7.32,24.8,14.3,13.6,16500,2.28
36.5,37.8,42581,9.59,22.8,61.6,14.3,0.16,39.2,11.8,11,16300,3.19
43,44.2,34299,5.44,12.8,51.7,13.7,3.41,26,13.6,10.6,13780,2.74
14.9,17.1,46530,8.55,39.1,50.4,10.5,3.47,32.8,10.1,9.94,17500,3.65
51.4,57.8,26050,4.68,19.4,46.2,21.8,2.3,31.1,18.9,13.4,9600,12.79
22.2,26.8,40730,10.8,26.3,48.8,14,4.37,18.1,9.13,9.13,14580,3.2
24.2,25.2,10010,7.91,21.6,213,5.35,6.31,40.6,0.85,9.3,5900,0.92
25.4,30.7,40010,5.42,29.4,64.8,13.1,0.52,25.6,13.3,12.6,14300,3.19
21.6,27.3,43060,8.79,28.1,32.9,8.61,7.12,24.2,8.29,10.9,16620,1.83
33.3,34.2,28790,7.27,26.6,31.4,9.36,6.49,23.1,6.23,7.71,8160,0.95
33.6,34.1,39760,2.64,13.8,74.9,18.6,2.51,30.2,17.8,9.19,16240,1.99
15.5,21.4,48189,9.99,18.9,53.6,8.02,3.83,22.4,10.3,13.1,14220,2.28
32.7,34.5,25290,6.31,14.4,40.2,16.4,3.32,27,13.5,14.6,8340,2.46
37.7,47.8,33079,9.67,29.2,83.6,16.9,0.1,43,13.3,10.9,15060,3.65
47.9,49.1,32841,6.69,31,125,20.8,0.19,45,14,11.6,20050,2.74
17.7,19.7,41950,8.7,34.3,33.3,10.4,7.59,16.6,10.5,10.4,16480,2.28
12.9,14.9,45120,9.33,20.3,34.7,8.55,7.55,9.3,10.8,8.32,14660,0.91
32.2,68.9,34181,10.97,24,66,14.1,1.09,41.2,13.5,9.8,15320,3.19
31.4,34,58920,4.99,21.4,61.9,12.1,0.08,33.9,8.43,8.12,20900,3.65
35.7,35.9,8070,6.24,21.2,44.1,13.3,0.13,37.5,9.75,8.38,15300,3.65
26.1,34.4,53020,4.37,21.4,29.8,12.3,3.83,13,13.2,11,12580,1.83
35.9,37.6,36860,3.24,17.3,77.3,28.6,3.27,44.9,23.2,12.8,15300,2.86
41.9,44.5,38510,6.42,25.1,91.1,20.6,0.18,49.6,13.4,10.2,19900,3.19
25.4,28.7,46240,3.2,27.7,66.6,6.05,4.2,31.2,7.54,7.43,16860,2.74
13.2,21.9,39591,11.66,16.9,56.2,11.2,5.34,21.6,10.6,13.8,14740,2.63
42.1,44.8,48050,11.93,23,41.6,17.6,0.16,39.5,11.5,9.96,17100,3.65
19.6,51.7,23821,11.84,26,95.6,14.9,4.2,33.6,13,12.1,13000,3.66
39.8,49.8,24170,9.33,17.1,112,15.5,4.22,34.9,7.63,7.22,13160,3.19
12.4,16,43880,5.85,31.9,46.2,11.9,6.06,21.4,11.8,10.9,16600,3.19
28.5,30.7,66960,3.96,22.6,50,14.3,0.14,35.2,11.3,8.54,20150,3.19
44.3,53.1,27351,9.27,32.6,84.5,15.7,0.09,45.8,11.3,10.2,14940,3.65
25.1,31.3,37210,3.35,17.1,60.1,29.6,3.41,31.2,27.1,14.2,15720,2.45
28.9,35.6,41010,6.73,24.8,48.6,12.9,3.95,33.4,12.5,11.7,13980,2.74
27.4,46.2,35411,10.92,21.9,56,13.6,4.69,19.9,11,10.7,14060,2.28
14.7,17.5,57931,9.01,30,17.7,7.83,7.02,9.6,7.1,8.99,14680,0.91
19.2,27.3,45010,6.97,15.3,70.7,15.4,1.91,29.1,13.7,14.2,17160,3.65
24.6,45.3,42550,7.87,21.5,38,12.1,6.54,17.5,13.7,13,13920,1.82
12.9,14.1,67990,9.17,10.3,29.9,6.49,0.13,18.9,5.49,7.07,20550,1.37
21,32.7,43789,8.7,7.38,71.4,13.2,2.06,25,15.4,14,14020,2.74
28.6,32.3,66460,4.95,22.3,67.8,12.7,0.13,37.6,11.6,9.43,20900,3.19
33.2,36.5,40670,5.65,18.9,55,9.38,0.07,48,11.1,7.65,18650,3.66
31.9,33.9,37151,3.12,32.7,72.4,16.9,4.04,34.3,13.9,12.6,17900,3.65
30.3,37.2,27000,11.73,18.8,64.4,10.7,5.6,35.6,7.63,8.36,13580,1.83
35.1,64.4,31811,8.52,27.2,72.6,4.48,5.34,17.2,11.8,11.9,13740,3.19
25.1,31.7,47211,7.7,15.9,23.8,12.6,5.86,15.2,11.7,10.3,14240,1.82
25.4,30.5,66040,7.58,19.7,54.6,11.5,0.13,34.9,8.33,7.91,21700,3.65
28.6,29.8,41449,2.69,13.7,64.3,15.3,1.77,33.1,11,8.13,16300,4.11
18.4,22.3,44851,8.93,30.9,25.8,10.7,7.42,16.8,9.62,11.4,17220,1.37
26.6,29.3,40040,2.1,24.1,59.5,21.4,1.15,34,14.2,11.1,16360,4.56
22,24.8,41210,6.25,37.3,74.4,16,2.01,37.6,13.7,12.1,17360,3.65
18.8,25.6,51170,9.17,17.1,17.3,6.83,6.8,13.8,9.21,10.5,14100,2.82
35.5,40.6,38610,8.2,27.5,38.3,12.5,4.79,19.8,10.2,11.9,13540,1.83
21.3,29.2,48101,5.34,19.7,60.4,17.7,0.46,25.1,13.1,13.7,17640,4.56
25.3,28.2,45069,5.1,24,79.2,14.7,0.42,25.9,13.1,12.3,17660,3.66
32.68,36.24,20330,2.4,18.4,58.7,14.2,4.77,26.6,11.8,9,10260,2.61
32.5,54,42790,3,16.7,85.1,17.9,2.47,45.5,13.2,9.19,15240,2.7
38.1,39.6,17730,9.35,18.9,127,18.6,5.13,36.1,15.1,8.41,12880,4.11
39.7,55.8,22410,9.37,15.5,122,9.03,5.56,29.8,6.6,10.2,13140,3.66
40.3,45.1,44859,14.45,24,75.1,18,0.27,46,13.8,10.9,16150,2.74
18,21.9,40940,11.1,25.4,54.3,14.7,4.9,23.9,11.4,9.34,15060,2.74
44.9,71.4,23330,8.24,13.6,58.6,21.1,5.65,26.7,15.1,9.44,12840,3.65
57,58.4,23720,8.6,19.8,77.7,13.5,3.89,42.7,8.51,7.22,13340,5.94
29.1,37.4,38730,11.06,26.2,114,14.5,0.29,42.9,11.3,10.4,15140,4.11
27.1,36.1,45280,5.28,8.64,82.2,16.3,2.65,28.9,14.9,12.8,17340,4.11
27.8,30.3,41380,3.99,13.2,18.5,21.5,0.99,21.4,17.7,7.86,16140,1.94
27.7,38.8,45291,7.72,21.2,67.9,11.2,0.39,42.2,6.96,9.64,16800,2.28
22.9,33.9,41030,10.96,19.1,60.3,12.7,1.45,25.5,9.06,11.2,11580,1.82
31.5,37.8,35490,2.5,37.3,66,17.1,3.66,38.8,14.5,12.8,18020,3.65
45.2,69.3,31500,8.2,29.3,62.2,11.2,4.77,34.3,13.2,11.4,13160,3.19
18.4,39.4,47039,9.74,29.3,30.4,9.94,5.67,20.6,7.33,9.83,13840,2.28
28.7,30.9,10020,8.67,21.5,240,5.3,2.58,132,2.77,8.48,7540,0
23.2,23.3,45840,8.66,29.1,37.6,5.24,4.85,18.6,4.75,8.75,16120,2.19
26.6,33,47740,7.8,25,37.2,14,4.68,16.7,13.5,10.7,15640,1.82
38.9,41.1,23600,4.78,17.6,29.4,41.7,3.15,29.4,41.7,13.4,14580,3.87
22.6,25.6,35719,11.37,20,58.6,14.8,4.79,22.6,11.8,11.7,14180,2.74
34.1,35.2,41170,5.76,9.73,41.1,11.6,4.89,20.2,14,11.1,14100,2.28
27.8,34.8,43889,2.62,28.9,60.8,10.4,3.11,27,8.84,7.59,13960,4.11
30.2,31,26631,9.45,15,41.4,11,0.08,45.8,6.23,8.28,17200,3.2
35.7,38.3,42621,4.95,25.3,57.8,20.1,0.19,38.2,12.3,9.93,15600,3.65
28.2,34.2,47360,10.04,19.9,48.3,14.7,0.09,35.4,10.4,12.1,16400,3.19
22.3,29.5,53000,5.74,15.1,43,14.5,0.57,19.4,12.9,11.9,18260,2.28
40.1,41,43880,3.25,35.1,64.4,22.6,1.88,38.4,17.5,12.8,16640,4.11
23.1,27.9,28000,7.63,17.7,42.8,15.3,5.09,28.9,6.12,10.5,11720,2.53
19.7,23.7,40139,10.5,18.4,62.7,11.4,0.09,37.4,9.59,12.6,15500,3.19
30.1,32.8,19470,3.09,19.6,34.9,10.7,4.85,29.3,8.87,9.57,8720,2.27
25,31.9,48051,5.87,7.93,54.1,19,0.47,21.8,15.9,13.1,17640,3.66
33,33.8,17670,7.02,18.7,72.2,8.33,0.08,51.5,9.27,7.7,17750,1.83
31.8,47.1,33180,8.2,28.1,77,5.57,5.12,28.6,4.72,13.5,13780,2.28
27.7,32.4,10040,6.64,23.4,56.4,1.4,6.28,47,1.24,9.63,5820,3.71
19.9,26.1,47450,5.72,34.2,47.2,15.4,0.57,27,11.8,9.09,17260,2.74
51.1,55,27390,5.72,24,51.8,18.4,3.28,29.2,18.4,11.1,13680,13.89
28.2,29.3,46581,5.63,39.6,48,13.5,5.45,34.8,11.5,9.57,17840,3.19
47.6,77.7,22940,9.07,14.5,81,8.72,5.51,41.2,8.36,11.8,13220,3.66
43.7,58.9,34581,6.06,27.4,40.9,16.5,3.97,23.3,15.9,10.5,13700,3.19
34.6,37.1,45559,6.93,22.9,44.1,16.9,0.14,42.8,11.5,10,18950,3.19
17,22.7,47830,3.55,38.5,56,15.7,4.39,21,13.6,10.8,16920,2.74
24.3,32.5,40410,2.8,11.9,63.3,19,2.48,49.8,17,14.7,16800,1.99
20,22.9,10320,9.31,19.8,89.3,5.3,3.93,107,3.98,8.26,8380,0
44.8,46.4,33321,6.2,29.1,86.5,20.3,0.18,42.3,12.3,10.7,19300,2.74
21.1,26.7,49271,10.7,16.6,42.4,12.6,0.09,28.8,11.6,13.5,16220,2.74
25.5,36.8,47199,6.19,23.4,62.2,16.1,0.51,23.5,13.5,13.2,18760,4.11
29.1,32.8,23711,11.59,26.4,125,15.4,4.27,17.4,12.1,11,12740,3.65
29,29.7,41900,2.6,28.7,61.7,14.9,1.63,33.2,11.3,9.03,16620,3.65
26.6,33.1,52350,1.3,21.6,75.4,16.5,1.72,49.9,14.1,13.5,16900,3.02
28.5,36.1,41700,5.28,8.15,74.3,19.7,2.1,32,14.4,12.7,17140,3.2
23.8,33.8,45840,7.49,23.5,61.6,10.3,0.09,26.2,15.1,8.49,15820,3.66
45.5,56.7,26080,6.82,21.4,32,12.3,2.3,24.4,7.33,7.22,11820,11.7
34.2,36.7,39990,6.1,28,54,15.2,4.67,22,12.7,8.6,14080,1.82
35.1,41.1,34241,7.78,24.3,68.3,16,0.09,35.4,13.7,11.2,15880,3.19
25.5,31.9,40270,7.98,9.36,67.2,11,3.71,26.9,12.6,13.8,17300,3.65
20.8,22.1,42539,2.61,28.4,59.9,13.9,2.16,29.2,13.5,12.1,15780,4.11
39.4,42.7,37350,6.26,22.8,80.4,12.7,0.08,50.8,11.5,7.75,18300,3.07
17.2,22.8,45470,2.46,13.4,74.2,18.6,2.41,40.2,13.3,10.2,16240,2.16
30.7,36.2,36019,3.12,30.1,77.6,15.7,4.04,36.9,12,13.2,18000,3.65
37,51.7,29770,6.38,23.8,60.5,11,4.98,21,8.72,11.3,13860,2.74
18.1,27.5,47161,9.43,26.4,33.6,10.9,6.07,16.8,8.82,8.18,14100,1.82
32.3,43.7,23960,10.98,21.9,58.1,17.1,4.15,22.3,11.8,11.4,13080,3.19
16.5,20.6,47211,8.17,32.1,39.2,13,4.51,20,11.8,7.86,13800,1.82
17.3,21.9,38500,7.14,31.4,54,8.98,0.58,34.4,7.98,10.7,12140,2.74
17.3,21.4,39381,8.06,29.8,72.6,9.99,2.4,31.6,9.89,11.5,21440,2.28
24.2,26.9,43690,3.92,34.8,45.8,11.6,4.34,27.5,8.29,11.7,16180,2.28
43.4,54.7,26050,5.94,18.6,36.5,15,2.33,25,8.53,7.16,12960,12.43
45.5,48.6,27350,5.13,22.8,55,11.8,3.59,32.9,8.26,9.19,12700,13.89
40.5,42.2,35621,13.42,24.7,86.1,18,0.18,45.8,15.4,11,15850,3.65
13.9,17.4,47950,10.48,21.6,31.5,8.77,4.44,21.9,8.34,9.89,18060,1.37
38.8,52.2,32040,4.44,21.8,60.3,8.92,4.96,25.5,14.2,14.1,13500,3.19
21,34.6,43650,9.13,17.5,20.7,11.4,7.19,16.1,8.49,8.27,14760,0.45
48.4,71.5,23710,8.44,32.9,53.2,14.9,5.2,30.8,10.2,11.5,12900,3.19
46.2,48.1,33250,10.3,30.4,72.7,23.8,0.2,40.1,14,12.3,17350,4.11
53.4,56.1,23860,8.96,15.1,171,10.8,3.58,44,6.29,7.43,13580,0.91
38.5,39,25710,4.93,20.1,28.1,14.1,2.7,30.3,14.5,13.2,8540,2.58
28,32.7,45310,3.68,12.5,61.9,7.45,4.69,33.7,6.21,11.9,15460,2.58
36.8,40.9,26100,5.95,23.3,51.7,10.3,2.66,30.2,10.7,7.22,10540,13.16
27.3,53.1,38120,6.49,26.9,47.1,4.74,3.96,24.2,6.08,10.4,14040,2.74
22.3,23.9,68380,8.06,17.5,38.2,14.7,0.14,33.1,8.75,8.85,20800,2.28
10.3,17.4,52790,10.71,20.1,29.2,4.48,4.62,19.6,2.83,7.53,13280,2.74
25.1,29.4,54930,7.46,21.1,47.9,12.9,0.13,38.9,10.3,7.17,20100,2.74
34.9,38.2,58340,8.65,23.4,46.8,13.6,0.14,43,10.7,7.7,19950,2.28
14.1,24.1,49610,7.89,25,20.1,11.2,5.96,12.2,10.2,9.05,14120,0.91
15.7,18.9,34031,11.47,19.9,45.1,10.4,0.86,22.3,10.6,9.48,11560,2.28
38.8,40.5,32720,7.94,23.9,138,18.3,0.2,48.4,12,11.9,20000,4.56
45.6,71.2,32400,9.27,9.25,60.6,15.7,5.73,37.2,9.39,9.65,15860,3.19
25.8,34.6,45000,7.11,11,80,18.1,1.92,39.8,16.2,12.7,17620,4.11
37.7,47.5,42249,6.04,28.3,87.6,20.2,0.09,60.1,14.9,12.5,15500,3.07
43.7,76.3,33540,5.7,24.6,53.4,10.7,3.99,18.9,13.5,10.3,13700,3.65
30.5,30.8,24950,8.05,26.3,33.1,21,4.1,25.3,20.3,7.66,10100,2.46
38.5,39.1,39909,4.96,23.8,95.1,17.7,0.18,37.8,12,11.5,16500,3.65
16.3,19.9,41540,11.65,14.9,51.1,8.3,5.31,23.2,8.25,12.3,14140,2.28
24.4,31.7,56890,9.28,22.1,52.6,11.8,0.14,39.9,8.96,9.22,21000,3.19
28.5,32.7,50370,7.76,12.9,26.4,10.4,5.67,16.8,13.4,11.5,15100,1.82
21.8,27.1,43350,6.44,26.3,62.9,23.9,0.13,33.8,14.8,10.6,16960,2.28
56.4,60.7,27200,5.49,19.4,49.2,21.8,2.12,32.4,17.8,13,15660,14.62
26.7,30,38150,9.01,17.5,74.4,5.7,0.07,47.1,6.81,9.12,18300,3.19
26.1,29.1,47980,2.8,16.2,48.9,7.06,4.1,32.1,10.1,6.95,15940,2.74
27.7,33.1,43510,2.9,21.1,48.8,14.2,6.44,25,12.3,14.8,17740,2.28
34.8,50.5,29209,7.62,26.5,41.4,13.9,3.26,19.8,17.9,9.08,13740,3.65
15.4,24.5,47630,3.01,15.7,67.6,19.3,1.98,49.9,14.5,9.57,15860,2.61
27.7,29,11910,2.64,18.4,20.1,12.9,2.84,41.9,10.5,7.59,10100,2.57
22.8,27.3,34860,11.36,15.9,74.6,9.13,4.3,21.4,6.08,10.1,13140,1.83
13.3,18.9,45790,9.59,22.6,57.4,16.7,0.11,30.8,14.9,9.69,17140,3.2
54.6,55.8,27100,5.69,21.9,66.6,15.6,3.47,32.5,10.7,9.58,13300,14.25
32.2,41.8,23820,11.75,15.1,55.2,9.85,5.56,23.9,9.75,9.39,12600,2.28
21.6,24.2,49721,6.62,9.23,56.8,14.8,6.58,30.4,14.6,14.3,16300,2.74
56.6,59.1,27210,5.05,22.2,41.2,24.9,3.14,26,20.9,13,15480,14.4
25.4,28.1,46459,9.05,16.5,58.1,10.5,0.08,34.3,6.7,7.91,18650,2.28
26.8,25.3,31140,9.44,16.6,65.6,8.64,0.08,44,6.02,7.17,17600,2.74
30.9,34.8,47851,5.07,35.9,49.7,10.6,5.89,26.4,10.2,12,17040,2.74
24.2,28.9,45040,6.58,23.5,70.2,16.2,2.21,28.1,12.9,14.2,17420,3.66
26.9,36.1,38170,0.42,8.77,82.6,23.1,2.44,31.3,23.2,10.3,15660,2.52
31.1,52.5,37400,6.1,25.1,55.5,8.56,6.3,19.4,12.2,13.2,13620,2.28
28.1,34,27480,11.07,24.8,67.6,19.8,5.26,22.3,12.9,7.89,13620,1.83
36.7,46.6,39401,5.81,30.5,75.2,17.4,0.09,59.6,16.9,12.3,15000,3.2
36.9,40.5,46621,8.1,24.1,56.5,16,0.15,39.9,12,11,16550,3.65
21.4,24.9,42121,10.73,25,60.2,10.9,4.43,10.3,8.98,8.46,13320,3.19
24.7,30.2,45060,6.67,19.9,52.5,16.9,2.95,20.4,13.8,11,14560,3.19
25.7,29.1,40389,11.03,14.2,34.5,9.96,5.25,17.2,7.32,11,13560,1.82
45.9,49.4,23550,9.78,14.7,112,8.92,5.06,34.6,6.7,8.77,12620,4.56
34.9,56,34091,9.89,27.5,82,21,0.18,41.4,11.1,10.4,15460,3.2
40.9,45.1,31760,7.59,31.7,51,22.4,0.19,36.3,14.3,11.7,20350,2.74
24.1,26.7,39150,7.45,22.7,66.6,10.2,0.09,38.2,11.4,7.33,20400,2.74
30.5,31.3,68670,7.4,19.1,45.1,9.96,0.14,41.4,10.9,7.02,20750,4.11
32.9,34.3,33779,5.86,25,67,9.33,0.08,39.9,8.49,7.44,19450,2.28
28.6,31.5,37220,2.3,16,57.9,17.4,1.27,31.5,14.9,9.99,16140,4.56
32.5,34.4,34091,9.18,24,88,16.2,0.1,45.3,9.38,10.2,14700,2.74
27.4,29.9,66460,7.55,18,37.6,11.6,0.14,41.1,9.64,7.7,20850,3.19
8.53,16.7,44900,10.57,20.1,58.2,8.46,4.73,30.3,6.91,9.08,15340,3.66
49.23,63,29610,8.71,32.7,67.3,10.5,5.15,27.3,10.4,11.4,13240,3.65
33,37.6,46840,12.03,24.8,59.9,16.2,0.15,43.7,11.8,11.4,16150,2.74
33,35.3,42231,6.36,16,68.2,18.5,4.86,32.6,16.2,14.3,16600,2.74
16.1,20.8,48540,1.26,9.71,76.4,11.3,3.94,29.8,9.62,12.7,15500,2.42
31.1,42.4,35100,5.79,16.9,55.6,9.03,5.29,30.8,14,15,13960,3.65
21.9,26.9,37070,3.34,22.1,46.9,19.3,1.85,42.6,14,14.2,16220,2.59
30.8,33.7,38590,7.19,26.4,37.6,11.9,3.96,20,11.7,8.39,13140,2.28
36.9,40.2,57050,10.08,23.6,45.4,16.9,0.17,39.8,11.4,11.1,19950,3.19
22.8,27.6,49190,8.03,28.1,46.2,7.74,4.53,27.7,11.4,10.7,14460,3.19
21.2,27.1,43691,10,29,47,10.2,0.56,28,9.51,9.99,17240,2.28
48.4,83.2,22720,9.17,16.3,90.5,17.1,5.13,40.1,12.4,9.08,12680,3.65
48.8,76.7,26100,8.62,12.8,48.5,19.7,5.97,33.1,9.34,9.44,11120,2.28
37.8,48.9,38630,7.17,14.4,65.8,8.87,4.21,24.4,8.72,12.4,13260,2.28
50.6,59.1,23230,8.66,24.8,66.1,11.4,5.63,28.2,11.7,12,12940,3.65
26.7,42.2,40120,6.06,27.1,68.3,16.3,1.33,26,14.3,12.5,14220,2.74
51.1,52.1,30310,9.1,27.8,143,20.7,0.2,50,12.8,11,20350,3.65
26.3,32.8,47549,9.46,22.6,58.6,17.4,0.09,35.4,10.9,11.7,16060,4.11
36.2,38.4,42510,2.82,12.8,49,17.6,2.47,23.4,12.5,9.89,14260,2.14
18.6,19.4,52104,5.32,23.7,48.5,4.87,4.54,37,3.91,8.02,17640,3.65
26.1,30.3,31310,3.76,23.3,60.1,15.5,6.04,28.3,14.9,14,16760,2.74
39.7,40.6,40480,5.54,20.2,23.8,11.4,5,23.8,9.19,9.3,12200,2.25
24.2,30.4,47680,2,31.2,35.7,16.5,4.86,15.5,14.8,10.3,17560,2.28
37.5,57.4,33220,2.04,23.4,38.4,14.4,4.74,21.6,14.8,11.9,13340,1.82
39,49.9,32060,5.22,23.8,32.1,21,3.39,17.2,19.5,8.2,14020,2.28
14.5,22.2,48010,9.29,17.2,47.1,5.88,5.78,21.9,7.55,9.38,14520,3.19
27.5,34.6,47841,6.23,26.8,72.3,10.4,0.35,46.4,14.1,9.33,14140,2.74
21.1,28.4,27460,11.21,21.7,47.5,14.1,5.3,22.9,14.4,9.54,14040,2.74
25.7,27.4,43231,8.1,36.9,34,10.2,6.77,16,11,9.89,13000,2.28
31.2,33.1,45620,1.49,9.71,84.6,9.3,4.06,34.7,6.53,10.2,16680,2.01
32.1,32.4,40159,6.51,16.7,74,20,1.14,36.2,18.2,14.1,16420,2.74
52.8,54.9,23700,8.98,20.3,131,10.8,4.12,39.4,7.49,8.25,12820,2.28
20,23.4,43959,9.09,37.5,29.2,10.5,7.42,17.5,10.6,9.89,15540,2.74
29.4,32.2,32000,1.01,27.9,40.9,11.7,5.01,19.8,13.4,12.3,13560,2.28
31.1,35.4,45240,7.12,26,87.6,13.5,4.99,25.2,10.3,7.38,14060,3.19
40,42.4,28600,8.76,30.8,54.6,10.2,4.85,22,9.08,9.6,13260,3.19
11.5,14.5,45450,9.26,33.2,45.5,12.3,5.88,24.6,12,13.1,17260,2.74
34.6,41.9,40021,7.87,26.4,52,13.6,3.71,22.4,14.1,10.7,13900,2.74
33.9,36.9,43921,3.41,32.6,66.6,16.8,1.76,30.4,13.1,11.9,16860,4.56
49.1,49.4,30789,5.98,26.9,52.2,20.9,0.19,41.5,13.1,10.5,19300,3.65
24.2,38.2,40750,4.75,20.4,30.3,11.9,5.43,18.6,14.1,13.2,13360,1.37
28.1,30.8,61320,7.74,19.1,48.7,11.6,0.13,24.4,8.38,6.54,20450,3.19
35,37.8,54941,8.31,22.2,48.1,12.3,0.14,36.5,9.64,7.59,19600,2.74
7.26,10.1,49220,9.42,14.3,41.9,9.01,0.08,35.4,7.49,7.23,18600,1.37
22.2,26.6,43830,5.96,43.5,59,13.6,3.27,32.2,10.3,10.3,17980,3.19
37.5,47.9,33760,9.67,29.8,85.8,19.5,0.12,44.4,11.8,10.9,15520,3.2
38.9,39.3,50310,15.04,22.3,66.7,17.8,0.34,44.5,13.2,10.5,16300,4.56
41.2,42.8,33710,8.94,24.5,82.6,20.5,0.19,39.2,12.6,10.7,18350,3.65
30.9,33.9,36690,3.94,29.6,79.8,16.9,4.91,31.8,12,14.5,18040,4.11
27.2,30.1,34010,6.16,22.6,71.2,13.2,0.08,42.4,11,9.43,17750,2.28
31.3,63.6,37860,7.13,24.9,42.7,12.6,4.76,25.3,10.9,8.2,14020,0.45
19.5,24.7,41519,10.51,24.1,54.1,11.3,3.92,22.2,9.65,6.86,13580,2.74
11.1,15.6,68640,14.74,13.1,44.5,6.75,0.08,33.2,5.34,7.75,22100,4.56
26.1,42.8,39881,8.81,23.4,34.4,10.9,8.46,13.3,12.7,12.3,13500,2.28
30.8,37.1,39760,4.15,8.7,60.8,14.6,3.15,28.1,13.6,13.8,16820,3.19
34.2,37.8,54160,15.44,23.8,52.3,19.1,0.48,44.1,14,8.97,16650,2.74
27.1,55.2,41660,6.03,25.6,28.6,9.6,6.65,18.6,12.8,12.5,13340,1.37
24.1,27.7,27531,11.03,23.5,65.2,18.1,5.14,19.9,14.9,9.03,13740,2.74
22.8,33.8,41781,5.22,25.4,69.1,12.8,6.29,24.4,13.3,14.2,16900,2.74
25.8,33.4,45520,7.17,8.98,50.4,15.9,4.74,27.5,14.5,13.4,16700,2.74
13.4,17.6,43760,8.64,32.2,40.4,8.55,7.2,21.4,10.3,10.3,16780,1.37
36.2,42,27360,4.74,19.3,54.6,14.7,4.52,25.6,15.3,14.4,13780,1.82
23.4,34.4,44470,9.48,25.5,37.6,9.04,7.11,27.2,7.15,8.16,13820,3.19
31.4,33.4,48350,8.82,23.3,40.7,18.8,0.15,42.4,13,10.3,16650,3.19
20.8,23.8,36620,3.47,31.9,70.4,15.2,7.86,33.6,12.5,12.3,16960,3.65
23.8,28.9,33060,8.84,17.4,56.4,9.33,0.08,41.2,8.22,9.8,18050,3.19
55.2,57.2,23110,8.88,16.7,80.3,14,5.23,37.5,7.48,10.4,13440,1.37
16.6,18,49970,2.47,12.9,77.2,15.5,2.17,63.9,12.2,13.8,15920,1.99
28.9,32.5,40141,4.28,27.3,68.8,18.3,3.59,30.4,17.3,10.7,13880,2.28
29.5,35.8,37260,6.98,18.2,75,8.25,3.72,30.6,10.6,12,13900,2.74
56,61.9,27100,5.16,22.8,41.6,28.2,3.14,34,23.6,15,15720,14.62
41.6,58.2,27000,4.48,33.2,87.1,15.9,0.09,43.1,13.5,12.1,15440,3.19
9.6,15.9,38220,10.55,19.9,67.6,12,4.94,28.8,13.8,8.2,15180,3.19
52,52.7,29630,9.15,29.3,136,21.8,0.2,47.9,13.7,11.2,20950,3.65
47.7,48.9,11540,10.41,15.9,150,10.3,0.21,63.4,5.68,14.5,14850,2.74
49.1,53.3,6510,9.98,16.9,143,8.86,0.21,66.7,5.74,15,14700,2.74
49.7,50.4,20310,10.73,25.8,115,15.4,1.55,48.4,13.9,13.5,15700,3.2
39.6,40.4,15580,10.22,16.8,118,12.8,0.21,56.3,7.36,14.3,15000,2.74
25.1,26.4,28041,11.46,15.6,106,11.2,0.24,52.4,14,13,14500,4.11
39.9,40.8,16460,9.19,22.7,110,8.05,0.36,41.2,6.72,10.5,15350,2.74
33.3,35.1,49110,7.52,28.1,102,24.4,0.98,45.3,17.4,12.8,21100,2.74
32.8,34.1,49810,6.06,19.2,42.9,16.1,6.31,39.2,14.6,14.5,21900,2.74
27.1,28.5,50780,7.71,22.1,61.6,15.5,0.82,40.5,11.8,9.33,19350,4.11
35.3,36.9,41710,6.91,18.1,72.2,12.8,1.52,45.2,11.9,12.4,21100,2.74
28.4,29.2,50600,8.1,21,67.8,16.7,1.84,38.7,11,7.59,14850,3.65
35.4,39.3,51299,7.36,24.1,69.5,19.3,1.2,38.3,12.3,10.7,20750,2.74
33.1,34.9,50380,6.97,25.7,72.9,20.9,1.29,37,13.3,9.85,19650,6.57
27.3,30,50560,9.7,20.7,56,11.7,0.25,43.7,8.57,9.39,19400,4.82
34.3,35.6,40979,9.41,13.8,58.3,11.2,0.22,50.2,8.23,5.33,20900,2.19
27,29,16299,9.61,21.6,134,19.1,1.34,53.9,15.1,11.4,16000,3.65
32.7,34.3,51610,7.26,25.3,84,21.4,0.25,45.2,16.3,13.8,21800,3.2
26.2,27.1,50960,9.27,20.3,68,15.7,0.91,36.8,10.7,7.82,19000,4.56
33.1,36,50981,7.33,25.7,68.9,20.9,0.64,43,13.9,10,20650,4.11
53.7,53.8,29630,9.09,31.9,87.8,29.1,0.2,42.8,16.4,10.7,21800,4.11
46.2,47.3,19701,10.51,32.2,124,20.1,1.04,48.2,13.6,8.63,19400,3.65
39.9,42.8,27700,10.91,15.7,88.3,13,0.22,44.4,10.6,7.47,19000,4.38
27.7,29.2,37789,9.7,14.7,76.1,12.1,0.22,39.8,8.98,9.04,21900,4.82
35.3,35.9,24159,10.77,27.5,129,17.9,0.29,69.5,13,13.3,15850,2.19
34.8,36.6,41510,6.67,23.6,65.2,13.1,0.46,42.6,10.1,12.9,21350,3.66
23.9,25.5,41130,9.85,11.4,131,8.57,0.23,49,7.01,6.89,17250,4.56
22.1,23.4,23950,11.8,16.5,139,13.2,0.29,54.8,11.4,11.9,15500,3.19
42.9,44.2,16059,8.83,23.1,192,10.4,0.22,40.9,4.98,4.98,15150,3.2
50.5,51.8,23160,9.95,32.6,160,21.5,0.2,47.5,16.1,14.1,21150,4.56
59.8,61.1,24060,10.93,28.6,130,19.4,0.57,41.4,13,8.46,19400,3.65
52.6,53.5,310,10.2,33.5,146,25.3,0.2,70.9,18.3,15,13050,2.28
52.5,54.2,31030,8.97,31.5,105,25.5,0.2,44.6,14.7,11.6,21150,3.65
22.1,23.4,36630,10.48,12.7,63.8,8.86,0.23,51.8,6.72,10,14550,3.19
38.8,39.3,50390,7.18,25.7,72,25.6,1.04,43.6,17.9,14.8,22100,3.19
53.4,57.2,25120,9.31,33.1,132,25.9,0.2,47.5,16.5,13.2,21350,3.65
37,37.3,50730,7.05,26.2,79.2,21,0.91,39.2,16.3,14.8,22500,3.2
44.2,45,24161,0.21,23.5,71.3,12.9,9.42,39.3,7.71,4.75,18850,3.65
39.7,43.6,41642,6.79,20.6,67.2,19.2,1.03,45.6,13.6,11.8,21000,3.19
33.1,34.4,25881,9.27,16.5,49.2,15.3,0.22,41.6,11.5,9.33,22600,2.63
40.2,40.8,19350,9.52,16.1,49,14,0.22,42.8,10.8,6.26,22100,3.95
51.7,57.1,23750,9.65,32,109,23.8,0.2,42.6,17.2,14.1,20550,4.56
38.2,39.4,19090,10.43,28.5,156,21.3,0.73,59,16.5,2.2,17000,4.56
35.4,37.2,36031,9.38,14.4,49.4,12.4,0.22,43.3,11.1,5.45,22500,6.57
46.5,47.7,24469,10.83,30,123,23,1.58,49.5,16.2,11.5,19350,3.65
52.2,54.2,22090,9.61,27.2,128,21,0.21,47.3,9.15,6.43,20050,3.19
45.9,46.2,19160,11.5,25.5,141,11.1,0.25,50,11.7,14.5,15850,3.65
35.3,36.2,15021,9.24,27.5,120,18.5,0.23,51.7,15,13.3,15050,3.66
41.4,43.6,51250,7.11,27.3,71.1,22.1,0.23,41.9,15.3,11.7,20900,2.74
55.1,56.6,20879,9.07,31.6,114,24,0.27,50.3,14.2,8.34,18650,3.19
39.9,42.3,41870,9.24,16.3,115,14.7,0.22,48.4,11.4,8.29,17200,3.65
18.1,21.6,21809,10.19,13,82.7,11.2,0.23,49.6,10.3,9.15,16400,4.56
25.9,26.9,56430,8.59,17.8,53.1,15.2,0.22,45.3,12.9,10,21100,3.19
42.5,44.5,34929,8.25,21.2,57.1,17,0.22,48.6,14.2,9.44,20750,3.19
26.7,27.8,58300,6.56,16.3,45.9,12.9,0.23,35.4,10.7,10.5,20750,4.11
17.8,24.2,60030,6.96,14.3,50.2,10.2,0.23,34.8,8.63,11.8,20450,3.19
44.5,45.5,19951,10.11,23.4,129,21.3,0.81,55.9,18.16,12.7,16300,4.56
24.7,26.9,15941,10.45,11.9,76.6,8.69,0.23,49.6,7.3,9.91,14450,2.74
17.9,22.8,50870,7.96,16.5,42.7,12.7,0.71,35.4,10.2,8.75,19100,3.19
49.7,47.2,24030,9.06,23,101,12.6,0.22,48.8,8.17,5.68,19100,4.11
31.6,35.8,40960,10.18,14.6,70.2,12.3,0.23,44.9,9.44,9.39,14850,3.19
23.3,26.2,30379,10.54,16.6,129,14.1,0.23,47.7,12.2,12.3,13900,3.19
23.6,26.5,11899,9.52,17.5,60.1,12.2,0.23,16.5,9.97,10.3,20750,3.19
26.5,29,51470,6.96,15.7,57.4,13.2,0.23,45.7,11.6,8.05,20650,3.19
22.3,30.2,5780,8.54,14.4,128,9.29,0.21,49,10.4,13.7,14250,5.02
12.2,31.9,58740,8.02,10.7,42,9.1,0.23,43.6,9.27,9.44,20350,3.19
43.9,45.2,21320,8.52,20.8,47.2,17.4,0.27,44.4,14.4,9.68,21300,2.74
35.9,37.1,43591,8.14,19.4,49.8,15.2,0.22,46.7,11.8,9.39,21000,4.56
42.8,43.3,33930,9.1,17.3,42.5,14.9,0.22,41.5,11.8,9.1,20250,3.19
32.8,36.7,41770,9.88,16.2,112,13.3,0.22,50.2,12.3,7.47,19000,3.65
22.1,27.9,54190,5.99,15,42,11.8,0.23,37.1,11,8.17,21150,2.74
56,57.1,24029,10.03,28.1,120,17.6,1.03,42.9,10.8,6.66,19650,4.11
18.7,19.6,49990,9.38,16.7,48.2,12.5,0.64,32.1,10.2,9.73,19400,3.95
35.7,37.4,40390,8.68,16.7,40.6,11.1,0.22,39.4,10,9.1,21100,4.11
26.2,29.4,50981,10.91,17.9,54.4,11.7,0.98,32.1,8.46,9.91,20050,2.74
24.8,26.9,36671,10.24,13.7,145,11.8,0.23,47.5,9.27,10.6,13900,3.65
47.5,53,22941,9.89,30,109,21.8,0.92,41.8,12.2,6.84,18700,2.74
18.7,57.1,21320,8.28,16.2,136,17.8,0.2,43.1,14.8,14.6,10750,2.74
24.8,37.4,24029,9.11,17.4,78.9,23.4,0.26,39.3,16.6,14.3,9650,2.28
48.5,56.8,22810,6.39,21.8,61.7,20,0.18,41.4,15.4,13.6,12600,2.28
48.9,51.2,37800,3.64,29.6,144,17.6,0.48,41.1,13.5,12.1,12600,2.28
25.5,30.6,35299,9.15,17.8,55.2,17,1.48,41,12.6,11.5,13000,3.66
25.5,31.8,44610,9.37,29.8,51.1,16.4,2.09,39,11.8,11.3,13140,3.65
28.2,36.7,43670,4.25,22.5,56.4,15.6,2.63,37.7,11.6,9.8,13340,1.37
22.1,29.1,22090,6.65,14.5,93.9,14.3,2.86,37.3,11.5,9.39,13900,5.36
25.9,49.3,34929,11.6,24.5,62.6,14.2,3.98,32.6,10.7,9.32,13980,3.2
26.1,49.5,36830,2.37,16.5,10.9,13,4.12,31.4,10.4,9.06,14360,3.2
26.5,29.8,36021,9.58,19.2,47.9,12.7,4.22,30.2,10,9.03,14460,0.46
